artist_id,name,raw_variants,positive_count,negative_count,total_count,avg_positive_weight,max_positive_weight,min_positive_weight,preset_count,preset_ids,sample_preset_names
mx2j,mx2j,mx2j,36,0,36,1.569,3.0,0.3,36,artist_00002; artist_00003; artist_00007; artist_00008; artist_00009; artist_00010; artist_00011; artist_00020; artist_00030; artist_00037; artist_00040; artist_00041; artist_00042; artist_00043; artist_00044; artist_00045; artist_00046; artist_00047; artist_00049; artist_00050; artist_00051; artist_00052; artist_00053; artist_00054; artist_00055; artist_00056; artist_00057; artist_00058; artist_00059; artist_00063; artist_00070; artist_00071; artist_00075; artist_00076; artist_00078; artist_00079,Asanagi base / Philia의 그림체(arca) / Balanced Semi 2D | Asanagi base v2 / Philia의 그림체(arca) / Balanced Semi 2D | Cartoon style / Philia의 그림체(arca) / 2D | Casual & Heavy color / CostaRocky의 그림체(arca) / Balanced Semi 2D | Channel zwa style ffffinal / Philia의 그림체(arca) / Balanced Semi 2D
channel_(caststation),channel_(caststation),channel (caststation); channel_(caststation),34,0,34,2.047,3.0,0.8,34,artist_00002; artist_00003; artist_00007; artist_00009; artist_00010; artist_00011; artist_00032; artist_00037; artist_00040; artist_00041; artist_00042; artist_00043; artist_00044; artist_00045; artist_00046; artist_00047; artist_00048; artist_00049; artist_00050; artist_00051; artist_00052; artist_00053; artist_00054; artist_00055; artist_00056; artist_00057; artist_00058; artist_00059; artist_00063; artist_00070; artist_00071; artist_00076; artist_00078; artist_00079,Asanagi base / Philia의 그림체(arca) / Balanced Semi 2D | Asanagi base v2 / Philia의 그림체(arca) / Balanced Semi 2D | Cartoon style / Philia의 그림체(arca) / 2D | Channel zwa style ffffinal / Philia의 그림체(arca) / Balanced Semi 2D | Classic art style / Philia의 그림체(arca) / Realistic Semi 2D
gogalking,gogalking,gogalking,28,0,28,1.405,2.5,0.8,28,artist_00002; artist_00007; artist_00008; artist_00009; artist_00010; artist_00037; artist_00039; artist_00042; artist_00043; artist_00044; artist_00045; artist_00046; artist_00047; artist_00050; artist_00052; artist_00053; artist_00054; artist_00055; artist_00058; artist_00059; artist_00063; artist_00067; artist_00068; artist_00069; artist_00071; artist_00076; artist_00078; artist_00079,Asanagi base / Philia의 그림체(arca) / Balanced Semi 2D | Cartoon style / Philia의 그림체(arca) / 2D | Casual & Heavy color / CostaRocky의 그림체(arca) / Balanced Semi 2D | Channel zwa style ffffinal / Philia의 그림체(arca) / Balanced Semi 2D | Classic art style / Philia의 그림체(arca) / Realistic Semi 2D
onono_imoko,onono_imoko,onono imoko; onono_imoko,27,0,27,1.122,2.5,0.8,27,artist_00002; artist_00003; artist_00007; artist_00009; artist_00037; artist_00040; artist_00041; artist_00042; artist_00043; artist_00044; artist_00045; artist_00046; artist_00049; artist_00050; artist_00051; artist_00052; artist_00053; artist_00054; artist_00056; artist_00057; artist_00058; artist_00059; artist_00063; artist_00070; artist_00071; artist_00076; artist_00079,Asanagi base / Philia의 그림체(arca) / Balanced Semi 2D | Asanagi base v2 / Philia의 그림체(arca) / Balanced Semi 2D | Cartoon style / Philia의 그림체(arca) / 2D | Channel zwa style ffffinal / Philia의 그림체(arca) / Balanced Semi 2D | Inoue kiyoshirou base / Philia의 그림체(arca) / Balanced Semi 2D / milf tasty
ratatatat74,ratatatat74,Ratatatat74; ratatatat74,26,0,26,1.042,3.0,0.4,26,artist_00002; artist_00003; artist_00008; artist_00009; artist_00020; artist_00037; artist_00038; artist_00040; artist_00041; artist_00042; artist_00043; artist_00044; artist_00045; artist_00046; artist_00047; artist_00050; artist_00051; artist_00053; artist_00054; artist_00055; artist_00058; artist_00063; artist_00071; artist_00076; artist_00078; artist_00079,Asanagi base / Philia의 그림체(arca) / Balanced Semi 2D | Asanagi base v2 / Philia의 그림체(arca) / Balanced Semi 2D | Casual & Heavy color / CostaRocky의 그림체(arca) / Balanced Semi 2D | Channel zwa style ffffinal / Philia의 그림체(arca) / Balanced Semi 2D | FMNZTN's 19 / FMNZTN의 그림체(arca) / Balanced Semi 2D / zagle zagle and looks good
fishine,fishine,fishine,25,0,25,1.352,3.0,0.4,25,artist_00002; artist_00003; artist_00009; artist_00037; artist_00041; artist_00042; artist_00043; artist_00044; artist_00045; artist_00046; artist_00047; artist_00049; artist_00050; artist_00051; artist_00053; artist_00054; artist_00056; artist_00057; artist_00059; artist_00063; artist_00070; artist_00071; artist_00076; artist_00078; artist_00079,Asanagi base / Philia의 그림체(arca) / Balanced Semi 2D | Asanagi base v2 / Philia의 그림체(arca) / Balanced Semi 2D | Channel zwa style ffffinal / Philia의 그림체(arca) / Balanced Semi 2D | Inoue kiyoshirou base / Philia의 그림체(arca) / Balanced Semi 2D / milf tasty | Philia #10 / Philia의 그림체(arca) / Balanced Semi 2D
ie_(raarami),ie_(raarami),ie (raarami); ie_(raarami),23,0,23,1.202,3.0,0.6,23,artist_00002; artist_00003; artist_00020; artist_00040; artist_00042; artist_00043; artist_00044; artist_00045; artist_00046; artist_00047; artist_00049; artist_00053; artist_00055; artist_00057; artist_00058; artist_00059; artist_00063; artist_00065; artist_00066; artist_00070; artist_00071; artist_00078; artist_00079,Asanagi base / Philia의 그림체(arca) / Balanced Semi 2D | Asanagi base v2 / Philia의 그림체(arca) / Balanced Semi 2D | FMNZTN's 19 / FMNZTN의 그림체(arca) / Balanced Semi 2D / zagle zagle and looks good | Philia #1 / Philia의 그림체(arca) / Balanced Semi 2D | Philia #11 / Philia의 그림체(arca) / Realistic Semi 2D
wagashi_(dagashiya),wagashi_(dagashiya),wagashi_(dagashiya),23,0,23,1.191,3.0,0.4,23,artist_00002; artist_00003; artist_00007; artist_00009; artist_00011; artist_00040; artist_00041; artist_00042; artist_00043; artist_00045; artist_00046; artist_00047; artist_00049; artist_00051; artist_00052; artist_00053; artist_00054; artist_00055; artist_00056; artist_00057; artist_00059; artist_00070; artist_00071,Asanagi base / Philia의 그림체(arca) / Balanced Semi 2D | Asanagi base v2 / Philia의 그림체(arca) / Balanced Semi 2D | Cartoon style / Philia의 그림체(arca) / 2D | Channel zwa style ffffinal / Philia의 그림체(arca) / Balanced Semi 2D | Cute style / Philia의 그림체(arca) / 2D-like Semi 2D
freng,freng,freng,22,0,22,0.807,2.4,0.25,22,artist_00009; artist_00020; artist_00022; artist_00025; artist_00032; artist_00040; artist_00041; artist_00042; artist_00043; artist_00044; artist_00045; artist_00046; artist_00047; artist_00049; artist_00051; artist_00053; artist_00055; artist_00056; artist_00059; artist_00070; artist_00071; artist_00075,Channel zwa style ffffinal / Philia의 그림체(arca) / Balanced Semi 2D | FMNZTN's 19 / FMNZTN의 그림체(arca) / Balanced Semi 2D / zagle zagle and looks good | FMNZTN's 3 / FMNZTN의 그림체(arca) / Realistic Semi 2D / tasty chicken farm | FMNZTN's 6 / FMNZTN의 그림체(arca) / Balanced Semi 2D / many humanbody ZzinBba | HisPreciousStyle / DPTG의 그림체(arca) / Balanced Semi 2D
ningen_mame,ningen_mame,ningen mame; ningen_mame,22,0,22,0.945,2.0,0.6,22,artist_00002; artist_00003; artist_00007; artist_00009; artist_00010; artist_00037; artist_00040; artist_00041; artist_00042; artist_00043; artist_00044; artist_00045; artist_00046; artist_00050; artist_00051; artist_00052; artist_00053; artist_00058; artist_00059; artist_00070; artist_00071; artist_00076,Asanagi base / Philia의 그림체(arca) / Balanced Semi 2D | Asanagi base v2 / Philia의 그림체(arca) / Balanced Semi 2D | Cartoon style / Philia의 그림체(arca) / 2D | Channel zwa style ffffinal / Philia의 그림체(arca) / Balanced Semi 2D | Classic art style / Philia의 그림체(arca) / Realistic Semi 2D
strongbana,strongbana,strongbana,22,0,22,1.373,3.0,0.8,22,artist_00003; artist_00007; artist_00009; artist_00037; artist_00040; artist_00041; artist_00042; artist_00043; artist_00044; artist_00045; artist_00046; artist_00047; artist_00049; artist_00050; artist_00051; artist_00052; artist_00053; artist_00059; artist_00063; artist_00071; artist_00076; artist_00079,Asanagi base v2 / Philia의 그림체(arca) / Balanced Semi 2D | Cartoon style / Philia의 그림체(arca) / 2D | Channel zwa style ffffinal / Philia의 그림체(arca) / Balanced Semi 2D | Inoue kiyoshirou base / Philia의 그림체(arca) / Balanced Semi 2D / milf tasty | Philia #1 / Philia의 그림체(arca) / Balanced Semi 2D
ohisashiburi,ohisashiburi,ohisashiburi,20,0,20,0.65,1.5,0.5,20,artist_00002; artist_00003; artist_00010; artist_00037; artist_00042; artist_00043; artist_00044; artist_00045; artist_00047; artist_00050; artist_00053; artist_00055; artist_00059; artist_00063; artist_00065; artist_00066; artist_00070; artist_00071; artist_00076; artist_00079,Asanagi base / Philia의 그림체(arca) / Balanced Semi 2D | Asanagi base v2 / Philia의 그림체(arca) / Balanced Semi 2D | Classic art style / Philia의 그림체(arca) / Realistic Semi 2D | Inoue kiyoshirou base / Philia의 그림체(arca) / Balanced Semi 2D / milf tasty | Philia #11 / Philia의 그림체(arca) / Realistic Semi 2D
kakure_eria,kakure_eria,kakure eria; kakure_eria,19,0,19,0.847,2.0,0.4,19,artist_00009; artist_00040; artist_00041; artist_00042; artist_00043; artist_00044; artist_00045; artist_00046; artist_00047; artist_00051; artist_00053; artist_00054; artist_00055; artist_00056; artist_00057; artist_00059; artist_00070; artist_00071; artist_00078,Channel zwa style ffffinal / Philia의 그림체(arca) / Balanced Semi 2D | Philia #1 / Philia의 그림체(arca) / Balanced Semi 2D | Philia #10 / Philia의 그림체(arca) / Balanced Semi 2D | Philia #11 / Philia의 그림체(arca) / Realistic Semi 2D | Philia #12 / Philia의 그림체(arca) / 2D-like Semi 2D
momisan,momisan,momisan,19,0,19,1.126,2.0,0.6,19,artist_00003; artist_00009; artist_00011; artist_00040; artist_00041; artist_00042; artist_00043; artist_00044; artist_00045; artist_00046; artist_00047; artist_00048; artist_00049; artist_00051; artist_00055; artist_00058; artist_00059; artist_00070; artist_00071,Asanagi base v2 / Philia의 그림체(arca) / Balanced Semi 2D | Channel zwa style ffffinal / Philia의 그림체(arca) / Balanced Semi 2D | Cute style / Philia의 그림체(arca) / 2D-like Semi 2D | Philia #1 / Philia의 그림체(arca) / Balanced Semi 2D | Philia #10 / Philia의 그림체(arca) / Balanced Semi 2D
inoue_kiyoshirou,inoue_kiyoshirou,inoue kiyoshirou,17,0,17,1.641,3.0,0.5,17,artist_00002; artist_00037; artist_00039; artist_00041; artist_00042; artist_00043; artist_00044; artist_00045; artist_00049; artist_00050; artist_00053; artist_00055; artist_00059; artist_00063; artist_00071; artist_00076; artist_00079,Asanagi base / Philia의 그림체(arca) / Balanced Semi 2D | Inoue kiyoshirou base / Philia의 그림체(arca) / Balanced Semi 2D / milf tasty | Man who don’t give up / 포기하지않는남자의 그림체(arca) / Balanced Semi 2D / Hard outline | Philia #10 / Philia의 그림체(arca) / Balanced Semi 2D | Philia #11 / Philia의 그림체(arca) / Realistic Semi 2D
soukou_makura,soukou_makura,soukou_makura,13,0,13,0.762,1.5,0.4,12,artist_00003; artist_00040; artist_00041; artist_00042; artist_00043; artist_00044; artist_00045; artist_00046; artist_00051; artist_00058; artist_00070; artist_00071,Asanagi base v2 / Philia의 그림체(arca) / Balanced Semi 2D | Philia #1 / Philia의 그림체(arca) / Balanced Semi 2D | Philia #10 / Philia의 그림체(arca) / Balanced Semi 2D | Philia #11 / Philia의 그림체(arca) / Realistic Semi 2D | Philia #12 / Philia의 그림체(arca) / 2D-like Semi 2D
baffu,baffu,baffu,12,0,12,0.867,1.8,0.6,12,artist_00037; artist_00040; artist_00042; artist_00045; artist_00046; artist_00047; artist_00048; artist_00050; artist_00053; artist_00059; artist_00070; artist_00071,Inoue kiyoshirou base / Philia의 그림체(arca) / Balanced Semi 2D / milf tasty | Philia #1 / Philia의 그림체(arca) / Balanced Semi 2D | Philia #11 / Philia의 그림체(arca) / Realistic Semi 2D | Philia #14 / Philia의 그림체(arca) / Balanced Semi 2D | Philia #15 / Philia의 그림체(arca) / Balanced Semi 2D
kezime,kezime,kezime,12,0,12,0.583,1.5,0.4,12,artist_00003; artist_00007; artist_00009; artist_00011; artist_00040; artist_00048; artist_00051; artist_00052; artist_00054; artist_00063; artist_00070; artist_00079,Asanagi base v2 / Philia의 그림체(arca) / Balanced Semi 2D | Cartoon style / Philia의 그림체(arca) / 2D | Channel zwa style ffffinal / Philia의 그림체(arca) / Balanced Semi 2D | Cute style / Philia의 그림체(arca) / 2D-like Semi 2D | Philia #1 / Philia의 그림체(arca) / Balanced Semi 2D
imamura_ryou,imamura_ryou,imamura ryou; imamura_ryou,11,0,11,1.191,1.7,0.6,11,artist_00002; artist_00009; artist_00019; artist_00039; artist_00040; artist_00051; artist_00054; artist_00058; artist_00068; artist_00069; artist_00070,Asanagi base / Philia의 그림체(arca) / Balanced Semi 2D | Channel zwa style ffffinal / Philia의 그림체(arca) / Balanced Semi 2D | FMNZTN's 18 / FMNZTN의 그림체(arca) / Semi Dot / muchimaro base | Man who don’t give up / 포기하지않는남자의 그림체(arca) / Balanced Semi 2D / Hard outline | Philia #1 / Philia의 그림체(arca) / Balanced Semi 2D
kanke_(kank06020602),kanke_(kank06020602),kanke (kank06020602); kanke_(kank06020602),11,0,11,1.145,2.0,0.4,11,artist_00007; artist_00009; artist_00037; artist_00047; artist_00049; artist_00051; artist_00052; artist_00053; artist_00054; artist_00076; artist_00078,Cartoon style / Philia의 그림체(arca) / 2D | Channel zwa style ffffinal / Philia의 그림체(arca) / Balanced Semi 2D | Inoue kiyoshirou base / Philia의 그림체(arca) / Balanced Semi 2D / milf tasty | Philia #16 / Philia의 그림체(arca) / Balanced Semi 2D | Philia #18 / Philia의 그림체(arca) / Balanced Semi 2D
murata_yuusuke,murata_yuusuke,murata yuusuke,11,0,11,1.155,1.5,0.8,11,artist_00002; artist_00003; artist_00009; artist_00010; artist_00011; artist_00037; artist_00063; artist_00070; artist_00076; artist_00078; artist_00079,Asanagi base / Philia의 그림체(arca) / Balanced Semi 2D | Asanagi base v2 / Philia의 그림체(arca) / Balanced Semi 2D | Channel zwa style ffffinal / Philia의 그림체(arca) / Balanced Semi 2D | Classic art style / Philia의 그림체(arca) / Realistic Semi 2D | Cute style / Philia의 그림체(arca) / 2D-like Semi 2D
limgae,limgae,limgae,10,0,10,0.88,1.2,0.4,10,artist_00002; artist_00003; artist_00009; artist_00010; artist_00037; artist_00046; artist_00047; artist_00050; artist_00063; artist_00079,Asanagi base / Philia의 그림체(arca) / Balanced Semi 2D | Asanagi base v2 / Philia의 그림체(arca) / Balanced Semi 2D | Channel zwa style ffffinal / Philia의 그림체(arca) / Balanced Semi 2D | Classic art style / Philia의 그림체(arca) / Realistic Semi 2D | Inoue kiyoshirou base / Philia의 그림체(arca) / Balanced Semi 2D / milf tasty
horikoshi_kouhei,horikoshi_kouhei,Horikoshi_kouhei; horikoshi_kouhei,9,0,9,1.356,2.5,0.8,9,artist_00009; artist_00037; artist_00047; artist_00051; artist_00053; artist_00054; artist_00055; artist_00076; artist_00078,Channel zwa style ffffinal / Philia의 그림체(arca) / Balanced Semi 2D | Inoue kiyoshirou base / Philia의 그림체(arca) / Balanced Semi 2D / milf tasty | Philia #16 / Philia의 그림체(arca) / Balanced Semi 2D | Philia #2 / Philia의 그림체(arca) / Realistic Semi 2D | Philia #3 / Philia의 그림체(arca) / 2D-like Semi 2D
sparrowl,sparrowl,sparrowl,7,0,7,1.229,1.8,0.9,7,artist_00016; artist_00040; artist_00041; artist_00048; artist_00067; artist_00068; artist_00069,FMNZTN's 14 / FMNZTN의 그림체(arca) / Dot / sparrowl base | Philia #1 / Philia의 그림체(arca) / Balanced Semi 2D | Philia #10 / Philia의 그림체(arca) / Balanced Semi 2D | Philia #17 / Philia의 그림체(arca) / Balanced Semi 2D | Shrimp with soy sauce #4 / 간장새우맛칩의 그림체(arca) / Balanced Semi 2D
healthyman,healthyman,healthyman,6,0,6,0.833,1.4,0.6,6,artist_00003; artist_00011; artist_00025; artist_00063; artist_00076; artist_00079,Asanagi base v2 / Philia의 그림체(arca) / Balanced Semi 2D | Cute style / Philia의 그림체(arca) / 2D-like Semi 2D | FMNZTN's 6 / FMNZTN의 그림체(arca) / Balanced Semi 2D / many humanbody ZzinBba | Putama base / Philia의 그림체(arca) / Balanced Semi 2D | Token say help me / Philia의 그림체(arca) / Balanced Semi 2D
henreader,henreader,henreader,6,0,6,1.533,2.9,1.2,6,artist_00001; artist_00011; artist_00043; artist_00056; artist_00057; artist_00076,13002#1 / 13002의 그림체(arca) / Semi Realistic | Cute style / Philia의 그림체(arca) / 2D-like Semi 2D | Philia #12 / Philia의 그림체(arca) / 2D-like Semi 2D | Philia #6 / Philia의 그림체(arca) / Balanced Semi 2D | Philia #7 / Philia의 그림체(arca) / Balanced Semi 2D
imazawa,imazawa,imazawa,6,0,6,0.633,0.8,0.4,6,artist_00007; artist_00046; artist_00047; artist_00052; artist_00053; artist_00054,Cartoon style / Philia의 그림체(arca) / 2D | Philia #15 / Philia의 그림체(arca) / Balanced Semi 2D | Philia #16 / Philia의 그림체(arca) / Balanced Semi 2D | Philia #20 / Philia의 그림체(arca) / 2D | Philia #3 / Philia의 그림체(arca) / 2D-like Semi 2D
kurono_mitsuki,kurono_mitsuki,kurono mitsuki,6,0,6,1.55,2.5,0.6,6,artist_00002; artist_00003; artist_00010; artist_00037; artist_00044; artist_00050,Asanagi base / Philia의 그림체(arca) / Balanced Semi 2D | Asanagi base v2 / Philia의 그림체(arca) / Balanced Semi 2D | Classic art style / Philia의 그림체(arca) / Realistic Semi 2D | Inoue kiyoshirou base / Philia의 그림체(arca) / Balanced Semi 2D / milf tasty | Philia #13 / Philia의 그림체(arca) / Balanced Semi 2D
2n5,2n5,2n5,5,0,5,1.34,2.3,0.8,5,artist_00002; artist_00010; artist_00028; artist_00063; artist_00079,Asanagi base / Philia의 그림체(arca) / Balanced Semi 2D | Classic art style / Philia의 그림체(arca) / Realistic Semi 2D | FMNZTN's 9 / FMNZTN의 그림체(arca) / Balanced Semi 2D / ie+2n5 | Putama base / Philia의 그림체(arca) / Balanced Semi 2D | Xipa base / Philia의 그림체(arca) / Balanced Semi 2D
asanagi,asanagi,asanagi,5,0,5,2.04,3.0,0.6,5,artist_00002; artist_00003; artist_00063; artist_00070; artist_00079,Asanagi base / Philia의 그림체(arca) / Balanced Semi 2D | Asanagi base v2 / Philia의 그림체(arca) / Balanced Semi 2D | Putama base / Philia의 그림체(arca) / Balanced Semi 2D | Skull zwa style / Philia의 그림체(arca) / Balanced Semi 2D | Xipa base / Philia의 그림체(arca) / Balanced Semi 2D
aya_shachou,aya_shachou,aya shachou,5,0,5,1.04,3.0,0.4,5,artist_00041; artist_00043; artist_00049; artist_00056; artist_00057,Philia #10 / Philia의 그림체(arca) / Balanced Semi 2D | Philia #12 / Philia의 그림체(arca) / 2D-like Semi 2D | Philia #18 / Philia의 그림체(arca) / Balanced Semi 2D | Philia #6 / Philia의 그림체(arca) / Balanced Semi 2D | Philia #7 / Philia의 그림체(arca) / Balanced Semi 2D
himura_kiseki,himura_kiseki,himura_kiseki,5,0,5,1.28,1.8,0.8,5,artist_00009; artist_00037; artist_00050; artist_00054; artist_00076,Channel zwa style ffffinal / Philia의 그림체(arca) / Balanced Semi 2D | Inoue kiyoshirou base / Philia의 그림체(arca) / Balanced Semi 2D / milf tasty | Philia #19 / Philia의 그림체(arca) / Balanced Semi 2D | Philia #4 / Philia의 그림체(arca) / Balanced Semi 2D | Token say help me / Philia의 그림체(arca) / Balanced Semi 2D
kim_eb,kim_eb,kim eb,4,0,4,1.587,1.8,1.0,4,artist_00008; artist_00025; artist_00032; artist_00075,Casual & Heavy color / CostaRocky의 그림체(arca) / Balanced Semi 2D | FMNZTN's 6 / FMNZTN의 그림체(arca) / Balanced Semi 2D / many humanbody ZzinBba | HisPreciousStyle / DPTG의 그림체(arca) / Balanced Semi 2D | Tasty style / ㅇㅇ#50034106의 그림체(arca) / Balanced Semi 2D
kimtoxic,kimtoxic,kimtoxic,4,0,4,1.175,2.5,0.6,4,artist_00045; artist_00046; artist_00070; artist_00071,Philia #14 / Philia의 그림체(arca) / Balanced Semi 2D | Philia #15 / Philia의 그림체(arca) / Balanced Semi 2D | Skull zwa style / Philia의 그림체(arca) / Balanced Semi 2D | Skull zwa style v2 / Philia의 그림체(arca) / Balanced Semi 2D
lesly_oh,lesly_oh,lesly_oh,4,0,4,1.212,1.8,0.5,4,artist_00031; artist_00033; artist_00073; artist_00077,HisFirst / Nakamasa_Ichika의 그림체(arca) / Balanced Semi 2D / 3::flat color:: <<another feeling | Human ranch / Nakamasa_Ichika의 그림체(arca) / Balanced Semi 2D | Slave v2 / Nakamasa_Ichika의 그림체(arca) / Balanced Semi 2D | Western / Nakamasa_Ichika의 그림체(arca) / Balanced Semi 2D / join artist:contllenge
quasarcake,quasarcake,quasarcake,4,0,4,1.638,2.0,1.2,4,artist_00010; artist_00025; artist_00032; artist_00075,Classic art style / Philia의 그림체(arca) / Realistic Semi 2D | FMNZTN's 6 / FMNZTN의 그림체(arca) / Balanced Semi 2D / many humanbody ZzinBba | HisPreciousStyle / DPTG의 그림체(arca) / Balanced Semi 2D | Tasty style / ㅇㅇ#50034106의 그림체(arca) / Balanced Semi 2D
ronna,ronna,ronna,4,0,4,1.8,3.0,1.2,4,artist_00011; artist_00043; artist_00056; artist_00057,Cute style / Philia의 그림체(arca) / 2D-like Semi 2D | Philia #12 / Philia의 그림체(arca) / 2D-like Semi 2D | Philia #6 / Philia의 그림체(arca) / Balanced Semi 2D | Philia #7 / Philia의 그림체(arca) / Balanced Semi 2D
solipsist,solipsist,solipsist,4,0,4,1.212,1.5,0.75,4,artist_00022; artist_00039; artist_00067; artist_00069,FMNZTN's 3 / FMNZTN의 그림체(arca) / Realistic Semi 2D / tasty chicken farm | Man who don’t give up / 포기하지않는남자의 그림체(arca) / Balanced Semi 2D / Hard outline | Shrimp with soy sauce #4 / 간장새우맛칩의 그림체(arca) / Balanced Semi 2D | Shrimp with soy sauce #6 / 간장새우맛칩의 그림체(arca) / Balanced Semi 2D
wanke,wanke,wanke,4,0,4,0.975,1.8,0.4,4,artist_00010; artist_00025; artist_00032; artist_00064,Classic art style / Philia의 그림체(arca) / Realistic Semi 2D | FMNZTN's 6 / FMNZTN의 그림체(arca) / Balanced Semi 2D / many humanbody ZzinBba | HisPreciousStyle / DPTG의 그림체(arca) / Balanced Semi 2D | Shrimp with soy sauce #1 / 간장새우맛칩의 그림체(arca) / Balanced Semi 2D
xipa,xipa,xipa,4,0,4,1.925,3.0,1.2,4,artist_00002; artist_00003; artist_00063; artist_00079,Asanagi base / Philia의 그림체(arca) / Balanced Semi 2D | Asanagi base v2 / Philia의 그림체(arca) / Balanced Semi 2D | Putama base / Philia의 그림체(arca) / Balanced Semi 2D | Xipa base / Philia의 그림체(arca) / Balanced Semi 2D
cutesexyrobutts,cutesexyrobutts,cutesexyrobutts,3,0,3,0.833,1.5,0.4,3,artist_00010; artist_00032; artist_00075,Classic art style / Philia의 그림체(arca) / Realistic Semi 2D | HisPreciousStyle / DPTG의 그림체(arca) / Balanced Semi 2D | Tasty style / ㅇㅇ#50034106의 그림체(arca) / Balanced Semi 2D
ebora,ebora,ebora,3,0,3,1.733,2.0,1.2,3,artist_00007; artist_00041; artist_00052,Cartoon style / Philia의 그림체(arca) / 2D | Philia #10 / Philia의 그림체(arca) / Balanced Semi 2D | Philia #20 / Philia의 그림체(arca) / 2D
furaggu_(frag_0416),furaggu_(frag_0416),furaggu_(frag_0416),3,0,3,0.25,0.25,0.25,3,artist_00060; artist_00061; artist_00062,Power mamerakkkkko / Nakamasa_Ichika의 그림체(arca) / Balanced Semi 2D / incomplete | Power mamerakkkkko v2 / Nakamasa_Ichika의 그림체(arca) / Balanced Semi 2D / jeneral out | Power mamerakkkkko v3 / Nakamasa_Ichika의 그림체(arca) / Balanced Semi 2D / modernize
hanagata,hanagata,hanagata,3,0,3,0.8,0.8,0.8,3,artist_00034; artist_00035; artist_00036,I like artist:homunculus / Nakamasa_Ichika의 그림체(arca) / Balanced Semi 2D / ongoing | I like artist:homunculus v2 / Nakamasa_Ichika의 그림체(arca) / Balanced Semi 2D / join niichi_(komorebi-palette) | I like artist:homunculus v3 / Nakamasa_Ichika의 그림체(arca) / Balanced Semi 2D / join artist:contllenge
henriiku_(ahemaru),henriiku_(ahemaru),henriiku (ahemaru),3,0,3,0.667,1.2,0.4,3,artist_00020; artist_00058; artist_00075,FMNZTN's 19 / FMNZTN의 그림체(arca) / Balanced Semi 2D / zagle zagle and looks good | Philia #8 / Philia의 그림체(arca) / Balanced Semi 2D | Tasty style / ㅇㅇ#50034106의 그림체(arca) / Balanced Semi 2D
homunculus_(alchemynote),homunculus_(alchemynote),homunculus_(alchemynote),3,0,3,1.6,1.7,1.55,3,artist_00034; artist_00035; artist_00036,I like artist:homunculus / Nakamasa_Ichika의 그림체(arca) / Balanced Semi 2D / ongoing | I like artist:homunculus v2 / Nakamasa_Ichika의 그림체(arca) / Balanced Semi 2D / join niichi_(komorebi-palette) | I like artist:homunculus v3 / Nakamasa_Ichika의 그림체(arca) / Balanced Semi 2D / join artist:contllenge
hyocorou,hyocorou,hyocorou,3,0,3,1.0,1.2,0.6,3,artist_00002; artist_00003; artist_00055,Asanagi base / Philia의 그림체(arca) / Balanced Semi 2D | Asanagi base v2 / Philia의 그림체(arca) / Balanced Semi 2D | Philia #5 / Philia의 그림체(arca) / Balanced Semi 2D
imigimuru,imigimuru,imigimuru,3,0,3,1.533,1.6,1.5,3,artist_00037; artist_00050; artist_00076,Inoue kiyoshirou base / Philia의 그림체(arca) / Balanced Semi 2D / milf tasty | Philia #19 / Philia의 그림체(arca) / Balanced Semi 2D | Token say help me / Philia의 그림체(arca) / Balanced Semi 2D
jeneral,jeneral,jeneral,3,0,3,1.1,1.1,1.1,3,artist_00060; artist_00061; artist_00062,Power mamerakkkkko / Nakamasa_Ichika의 그림체(arca) / Balanced Semi 2D / incomplete | Power mamerakkkkko v2 / Nakamasa_Ichika의 그림체(arca) / Balanced Semi 2D / jeneral out | Power mamerakkkkko v3 / Nakamasa_Ichika의 그림체(arca) / Balanced Semi 2D / modernize
jima,jima,jima,3,0,3,1.467,2.0,1.1,3,artist_00065; artist_00066; artist_00069,Shrimp with soy sauce #2 / 간장새우맛칩의 그림체(arca) / Balanced Semi 2D | Shrimp with soy sauce #3 / 간장새우맛칩의 그림체(arca) / Balanced Semi 2D | Shrimp with soy sauce #6 / 간장새우맛칩의 그림체(arca) / Balanced Semi 2D
kereno,kereno,kereno,3,0,3,0.5,0.6,0.4,3,artist_00011; artist_00056; artist_00057,Cute style / Philia의 그림체(arca) / 2D-like Semi 2D | Philia #6 / Philia의 그림체(arca) / Balanced Semi 2D | Philia #7 / Philia의 그림체(arca) / Balanced Semi 2D
kidmo,kidmo,kidmo,3,0,3,0.467,0.8,0.3,3,artist_00001; artist_00013; artist_00017,13002#1 / 13002의 그림체(arca) / Semi Realistic | FMNZTN's 10 / FMNZTN의 그림체(arca) / Realistic Semi 2D / 거의 반실사/퇴폐적 | FMNZTN's 16 / FMNZTN의 그림체(arca) / Balanced Semi 2D / terasu mix
krenz,krenz,krenz,3,0,3,0.967,1.1,0.7,3,artist_00067; artist_00068; artist_00069,Shrimp with soy sauce #4 / 간장새우맛칩의 그림체(arca) / Balanced Semi 2D | Shrimp with soy sauce #5 / 간장새우맛칩의 그림체(arca) / Balanced Semi 2D | Shrimp with soy sauce #6 / 간장새우맛칩의 그림체(arca) / Balanced Semi 2D
kyapefuro,kyapefuro,kyapefuro,3,0,3,0.8,1.3,0.25,3,artist_00031; artist_00072; artist_00073,HisFirst / Nakamasa_Ichika의 그림체(arca) / Balanced Semi 2D / 3::flat color:: <<another feeling | Slave / Nakamasa_Ichika의 그림체(arca) / Balanced Semi 2D | Slave v2 / Nakamasa_Ichika의 그림체(arca) / Balanced Semi 2D
lakilolom,lakilolom,lakilolom,3,0,3,1.833,2.0,1.5,3,artist_00011; artist_00056; artist_00057,Cute style / Philia의 그림체(arca) / 2D-like Semi 2D | Philia #6 / Philia의 그림체(arca) / Balanced Semi 2D | Philia #7 / Philia의 그림체(arca) / Balanced Semi 2D
lunch_(shin_new),lunch_(shin_new),lunch (shin new),3,0,3,0.967,1.2,0.8,3,artist_00010; artist_00020; artist_00025,Classic art style / Philia의 그림체(arca) / Realistic Semi 2D | FMNZTN's 19 / FMNZTN의 그림체(arca) / Balanced Semi 2D / zagle zagle and looks good | FMNZTN's 6 / FMNZTN의 그림체(arca) / Balanced Semi 2D / many humanbody ZzinBba
mamerakkkkko,mamerakkkkko,mamerakkkkko,3,0,3,0.85,0.85,0.85,3,artist_00060; artist_00061; artist_00062,Power mamerakkkkko / Nakamasa_Ichika의 그림체(arca) / Balanced Semi 2D / incomplete | Power mamerakkkkko v2 / Nakamasa_Ichika의 그림체(arca) / Balanced Semi 2D / jeneral out | Power mamerakkkkko v3 / Nakamasa_Ichika의 그림체(arca) / Balanced Semi 2D / modernize
manglifer,manglifer,manglifer,3,0,3,1.45,1.45,1.45,3,artist_00034; artist_00035; artist_00036,I like artist:homunculus / Nakamasa_Ichika의 그림체(arca) / Balanced Semi 2D / ongoing | I like artist:homunculus v2 / Nakamasa_Ichika의 그림체(arca) / Balanced Semi 2D / join niichi_(komorebi-palette) | I like artist:homunculus v3 / Nakamasa_Ichika의 그림체(arca) / Balanced Semi 2D / join artist:contllenge
meme50,meme50,meme50,3,0,3,1.633,1.8,1.5,3,artist_00065; artist_00066; artist_00067,Shrimp with soy sauce #2 / 간장새우맛칩의 그림체(arca) / Balanced Semi 2D | Shrimp with soy sauce #3 / 간장새우맛칩의 그림체(arca) / Balanced Semi 2D | Shrimp with soy sauce #4 / 간장새우맛칩의 그림체(arca) / Balanced Semi 2D
null_(nyanpyoun),null_(nyanpyoun),null (nyanpyoun); null_(nyanpyoun),3,0,3,0.9,1.5,0.6,3,artist_00011; artist_00056; artist_00057,Cute style / Philia의 그림체(arca) / 2D-like Semi 2D | Philia #6 / Philia의 그림체(arca) / Balanced Semi 2D | Philia #7 / Philia의 그림체(arca) / Balanced Semi 2D
putama,putama,putama,3,0,3,1.8,3.0,1.2,3,artist_00063; artist_00076; artist_00079,Putama base / Philia의 그림체(arca) / Balanced Semi 2D | Token say help me / Philia의 그림체(arca) / Balanced Semi 2D | Xipa base / Philia의 그림체(arca) / Balanced Semi 2D
qiandaiyiyu,qiandaiyiyu,qiandaiyiyu,3,0,3,1.0,1.3,0.7,3,artist_00020; artist_00032; artist_00075,FMNZTN's 19 / FMNZTN의 그림체(arca) / Balanced Semi 2D / zagle zagle and looks good | HisPreciousStyle / DPTG의 그림체(arca) / Balanced Semi 2D | Tasty style / ㅇㅇ#50034106의 그림체(arca) / Balanced Semi 2D
spoiledmuffin,spoiledmuffin,spoiledmuffin,3,0,3,0.6,0.6,0.6,3,artist_00012; artist_00037; artist_00054,FMNZTN's 1 / FMNZTN의 그림체(arca) / Dot | Inoue kiyoshirou base / Philia의 그림체(arca) / Balanced Semi 2D / milf tasty | Philia #4 / Philia의 그림체(arca) / Balanced Semi 2D
sutochan,sutochan,sutochan,3,0,3,1.7,1.7,1.7,3,artist_00060; artist_00061; artist_00062,Power mamerakkkkko / Nakamasa_Ichika의 그림체(arca) / Balanced Semi 2D / incomplete | Power mamerakkkkko v2 / Nakamasa_Ichika의 그림체(arca) / Balanced Semi 2D / jeneral out | Power mamerakkkkko v3 / Nakamasa_Ichika의 그림체(arca) / Balanced Semi 2D / modernize
takanashi_shin,takanashi_shin,takanashi_shin,3,0,3,0.65,0.65,0.65,3,artist_00060; artist_00061; artist_00062,Power mamerakkkkko / Nakamasa_Ichika의 그림체(arca) / Balanced Semi 2D / incomplete | Power mamerakkkkko v2 / Nakamasa_Ichika의 그림체(arca) / Balanced Semi 2D / jeneral out | Power mamerakkkkko v3 / Nakamasa_Ichika의 그림체(arca) / Balanced Semi 2D / modernize
uo_denim,uo_denim,uo_denim,3,0,3,1.267,1.5,0.8,3,artist_00002; artist_00040; artist_00059,Asanagi base / Philia의 그림체(arca) / Balanced Semi 2D | Philia #1 / Philia의 그림체(arca) / Balanced Semi 2D | Philia #9 / Philia의 그림체(arca) / Balanced Semi 2D
yoya_yogurt,yoya_yogurt,yoya yogurt; yoya_yogurt,3,0,3,1.1,1.6,0.45,3,artist_00033; artist_00074; artist_00075,Human ranch / Nakamasa_Ichika의 그림체(arca) / Balanced Semi 2D | Slave2 / Nakamasa_Ichika의 그림체(arca) / Balanced Semi 2D | Tasty style / ㅇㅇ#50034106의 그림체(arca) / Balanced Semi 2D
yuune_(ayanepuna),yuune_(ayanepuna),yuune (ayanepuna); yuune_(ayanepuna),3,0,3,1.0,2.0,0.5,3,artist_00011; artist_00056; artist_00057,Cute style / Philia의 그림체(arca) / 2D-like Semi 2D | Philia #6 / Philia의 그림체(arca) / Balanced Semi 2D | Philia #7 / Philia의 그림체(arca) / Balanced Semi 2D
96yottea,96yottea,96yottea,2,0,2,0.925,1.1,0.75,2,artist_00022; artist_00075,FMNZTN's 3 / FMNZTN의 그림체(arca) / Realistic Semi 2D / tasty chicken farm | Tasty style / ㅇㅇ#50034106의 그림체(arca) / Balanced Semi 2D
ciloranko,ciloranko,ciloranko,2,0,2,1.05,1.3,0.8,2,artist_00014; artist_00058,FMNZTN's 12 / FMNZTN의 그림체(arca) / Balanced Semi 2D / low NSFW success | Philia #8 / Philia의 그림체(arca) / Balanced Semi 2D
contllenge,contllenge,contllenge,2,0,2,1.15,1.35,0.95,2,artist_00036; artist_00074,I like artist:homunculus v3 / Nakamasa_Ichika의 그림체(arca) / Balanced Semi 2D / join artist:contllenge | Slave2 / Nakamasa_Ichika의 그림체(arca) / Balanced Semi 2D
dishwasher1910,dishwasher1910,dishwasher1910,2,0,2,1.2,1.3,1.1,2,artist_00025; artist_00075,FMNZTN's 6 / FMNZTN의 그림체(arca) / Balanced Semi 2D / many humanbody ZzinBba | Tasty style / ㅇㅇ#50034106의 그림체(arca) / Balanced Semi 2D
dryegen,dryegen,dryegen,2,0,2,1.8,1.8,1.8,2,artist_00007; artist_00052,Cartoon style / Philia의 그림체(arca) / 2D | Philia #20 / Philia의 그림체(arca) / 2D
gebijiade_89,gebijiade_89,gebijiade_89,2,0,2,0.7,0.7,0.7,2,artist_00067; artist_00068,Shrimp with soy sauce #4 / 간장새우맛칩의 그림체(arca) / Balanced Semi 2D | Shrimp with soy sauce #5 / 간장새우맛칩의 그림체(arca) / Balanced Semi 2D
godiva_ghoul,godiva_ghoul,godiva ghoul,2,0,2,0.85,1.2,0.5,2,artist_00010; artist_00022,Classic art style / Philia의 그림체(arca) / Realistic Semi 2D | FMNZTN's 3 / FMNZTN의 그림체(arca) / Realistic Semi 2D / tasty chicken farm
haguhagu_(rinjuu_circus),haguhagu_(rinjuu_circus),haguhagu (rinjuu_circus),2,0,2,0.6,0.6,0.6,2,artist_00007; artist_00052,Cartoon style / Philia의 그림체(arca) / 2D | Philia #20 / Philia의 그림체(arca) / 2D
hanabushi,hanabushi,hanabushi,2,0,2,1.5,1.5,1.5,2,artist_00007; artist_00052,Cartoon style / Philia의 그림체(arca) / 2D | Philia #20 / Philia의 그림체(arca) / 2D
handplug,handplug,handplug,2,0,2,1.35,1.5,1.2,2,artist_00002; artist_00003,Asanagi base / Philia의 그림체(arca) / Balanced Semi 2D | Asanagi base v2 / Philia의 그림체(arca) / Balanced Semi 2D
hintobento,hintobento,hintobento,2,0,2,1.25,2.0,0.5,2,artist_00018; artist_00021,FMNZTN's 17 / FMNZTN의 그림체(arca) / Balanced Semi 2D / tatsuki base | FMNZTN's 2 / FMNZTN의 그림체(arca) / Balanced Semi 2D / Yankee's sense
horikou,horikou,horikou,2,0,2,1.35,1.5,1.2,2,artist_00009; artist_00037,Channel zwa style ffffinal / Philia의 그림체(arca) / Balanced Semi 2D | Inoue kiyoshirou base / Philia의 그림체(arca) / Balanced Semi 2D / milf tasty
komugiko_2000,komugiko_2000,komugiko_2000,2,0,2,2.45,2.5,2.4,2,artist_00007; artist_00052,Cartoon style / Philia의 그림체(arca) / 2D | Philia #20 / Philia의 그림체(arca) / 2D
kurosteel_ds,kurosteel_ds,kurosteel_ds,2,0,2,1.0,1.2,0.8,2,artist_00051; artist_00057,Philia #2 / Philia의 그림체(arca) / Realistic Semi 2D | Philia #7 / Philia의 그림체(arca) / Balanced Semi 2D
kyoeikyoei52906,kyoeikyoei52906,kyoeikyoei52906,2,0,2,0.7,0.7,0.7,2,artist_00007; artist_00052,Cartoon style / Philia의 그림체(arca) / 2D | Philia #20 / Philia의 그림체(arca) / 2D
maki_keigo,maki_keigo,maki_keigo,2,0,2,2.0,2.0,2.0,2,artist_00047; artist_00055,Philia #16 / Philia의 그림체(arca) / Balanced Semi 2D | Philia #5 / Philia의 그림체(arca) / Balanced Semi 2D
miito_(meeeeton333),miito_(meeeeton333),miito (meeeeton333),2,0,2,2.5,3.0,2.0,2,artist_00049; artist_00076,Philia #18 / Philia의 그림체(arca) / Balanced Semi 2D | Token say help me / Philia의 그림체(arca) / Balanced Semi 2D
mika_pikazo,mika_pikazo,mika pikazo,2,0,2,1.05,1.3,0.8,2,artist_00001; artist_00032,13002#1 / 13002의 그림체(arca) / Semi Realistic | HisPreciousStyle / DPTG의 그림체(arca) / Balanced Semi 2D
misaka_12003-gou,misaka_12003-gou,misaka_12003-gou,2,0,2,0.6,0.6,0.6,2,artist_00040; artist_00059,Philia #1 / Philia의 그림체(arca) / Balanced Semi 2D | Philia #9 / Philia의 그림체(arca) / Balanced Semi 2D
momokumo,momokumo,momokumo,2,0,2,1.45,2.0,0.9,2,artist_00017; artist_00067,FMNZTN's 16 / FMNZTN의 그림체(arca) / Balanced Semi 2D / terasu mix | Shrimp with soy sauce #4 / 간장새우맛칩의 그림체(arca) / Balanced Semi 2D
nai_ga,nai_ga,nai ga,2,0,2,2.5,3.0,2.0,1,artist_00008,Casual & Heavy color / CostaRocky의 그림체(arca) / Balanced Semi 2D
niichi_(komorebi-palette),niichi_(komorebi-palette),niichi_(komorebi-palette),2,0,2,1.15,1.25,1.05,2,artist_00035; artist_00036,I like artist:homunculus v2 / Nakamasa_Ichika의 그림체(arca) / Balanced Semi 2D / join niichi_(komorebi-palette) | I like artist:homunculus v3 / Nakamasa_Ichika의 그림체(arca) / Balanced Semi 2D / join artist:contllenge
norakura_(nr_kura),norakura_(nr_kura),norakura_(nr_kura),2,0,2,0.75,0.85,0.65,2,artist_00005; artist_00077,Athlete v2 / Nakamasa_Ichika의 그림체(arca) / 2D-like Semi 2D / abs | Western / Nakamasa_Ichika의 그림체(arca) / Balanced Semi 2D / join artist:contllenge
oda_non,oda_non,oda_non,2,0,2,1.45,1.8,1.1,2,artist_00065; artist_00066,Shrimp with soy sauce #2 / 간장새우맛칩의 그림체(arca) / Balanced Semi 2D | Shrimp with soy sauce #3 / 간장새우맛칩의 그림체(arca) / Balanced Semi 2D
ouchi_kaeru,ouchi_kaeru,ouchi_kaeru,2,0,2,1.2,1.2,1.2,2,artist_00063; artist_00079,Putama base / Philia의 그림체(arca) / Balanced Semi 2D | Xipa base / Philia의 그림체(arca) / Balanced Semi 2D
pigeon666,pigeon666,pigeon666,2,0,2,1.1,1.2,1.0,2,artist_00048; artist_00064,Philia #17 / Philia의 그림체(arca) / Balanced Semi 2D | Shrimp with soy sauce #1 / 간장새우맛칩의 그림체(arca) / Balanced Semi 2D
porinki,porinki,porinki,2,0,2,1.85,1.85,1.85,2,artist_00004; artist_00005,Athlete / Nakamasa_Ichika의 그림체(arca) / Balanced Semi 2D / abs / big deviation | Athlete v2 / Nakamasa_Ichika의 그림체(arca) / 2D-like Semi 2D / abs
rei_(sanbonzakura),rei_(sanbonzakura),rei_(sanbonzakura),2,0,2,0.95,1.1,0.8,2,artist_00067; artist_00068,Shrimp with soy sauce #4 / 간장새우맛칩의 그림체(arca) / Balanced Semi 2D | Shrimp with soy sauce #5 / 간장새우맛칩의 그림체(arca) / Balanced Semi 2D
shiokonbu,shiokonbu,shiokonbu,2,0,2,1.5,1.8,1.2,2,artist_00040; artist_00059,Philia #1 / Philia의 그림체(arca) / Balanced Semi 2D | Philia #9 / Philia의 그림체(arca) / Balanced Semi 2D
shiroi_yoru,shiroi_yoru,shiroi yoru,2,0,2,2.1,3.0,1.2,2,artist_00051; artist_00059,Philia #2 / Philia의 그림체(arca) / Realistic Semi 2D | Philia #9 / Philia의 그림체(arca) / Balanced Semi 2D
suga_hideo,suga_hideo,suga_hideo,2,0,2,1.85,2.5,1.2,2,artist_00049; artist_00057,Philia #18 / Philia의 그림체(arca) / Balanced Semi 2D | Philia #7 / Philia의 그림체(arca) / Balanced Semi 2D
taaru_(taru),taaru_(taru),taaru (taru),2,0,2,0.75,0.9,0.6,2,artist_00049; artist_00058,Philia #18 / Philia의 그림체(arca) / Balanced Semi 2D | Philia #8 / Philia의 그림체(arca) / Balanced Semi 2D
teshima_nari,teshima_nari,teshima nari,2,0,2,1.05,1.6,0.5,2,artist_00020; artist_00068,FMNZTN's 19 / FMNZTN의 그림체(arca) / Balanced Semi 2D / zagle zagle and looks good | Shrimp with soy sauce #5 / 간장새우맛칩의 그림체(arca) / Balanced Semi 2D
torino_aqua,torino_aqua,torino aqua,2,0,2,1.7,1.8,1.6,2,artist_00032; artist_00075,HisPreciousStyle / DPTG의 그림체(arca) / Balanced Semi 2D | Tasty style / ㅇㅇ#50034106의 그림체(arca) / Balanced Semi 2D
wengwengchim,wengwengchim,wengwengchim,2,0,2,1.45,2.0,0.9,2,artist_00001; artist_00029,13002#1 / 13002의 그림체(arca) / Semi Realistic | He is goalzalal... / 82825874892의 그림체(arca) / 2D-like Semi 2D
yoneyama_mai,yoneyama_mai,Yoneyama Mai; yoneyama mai,2,0,2,0.925,1.25,0.6,2,artist_00014; artist_00022,FMNZTN's 12 / FMNZTN의 그림체(arca) / Balanced Semi 2D / low NSFW success | FMNZTN's 3 / FMNZTN의 그림체(arca) / Realistic Semi 2D / tasty chicken farm
zero_q_0q,zero_q_0q,zero q 0q,2,0,2,1.5,1.5,1.5,2,artist_00010; artist_00022,Classic art style / Philia의 그림체(arca) / Realistic Semi 2D | FMNZTN's 3 / FMNZTN의 그림체(arca) / Realistic Semi 2D / tasty chicken farm
adpx,adpx,adpx,1,0,1,0.8,0.8,0.8,1,artist_00011,Cute style / Philia의 그림체(arca) / 2D-like Semi 2D
aduare,aduare,aduare,1,0,1,2.5,2.5,2.5,1,artist_00054,Philia #4 / Philia의 그림체(arca) / Balanced Semi 2D
ahiru_tokotoko,ahiru_tokotoko,ahiru_tokotoko,1,0,1,0.8,0.8,0.8,1,artist_00054,Philia #4 / Philia의 그림체(arca) / Balanced Semi 2D
ainy,ainy,ainy,1,0,1,1.5,1.5,1.5,1,artist_00029,He is goalzalal... / 82825874892의 그림체(arca) / 2D-like Semi 2D
aiue_oka,aiue_oka,aiue oka,1,0,1,0.85,0.85,0.85,1,artist_00025,FMNZTN's 6 / FMNZTN의 그림체(arca) / Balanced Semi 2D / many humanbody ZzinBba
akiyama_enma,akiyama_enma,akiyama_enma,1,0,1,0.4,0.4,0.4,1,artist_00058,Philia #8 / Philia의 그림체(arca) / Balanced Semi 2D
albino_(a1b1n0623),albino_(a1b1n0623),albino (a1b1n0623),1,0,1,1.0,1.0,1.0,1,artist_00008,Casual & Heavy color / CostaRocky의 그림체(arca) / Balanced Semi 2D
ama_mitsuki,ama_mitsuki,ama mitsuki,1,0,1,1.0,1.0,1.0,1,artist_00001,13002#1 / 13002의 그림체(arca) / Semi Realistic
aoki_(fumomo),aoki_(fumomo),aoki (fumomo),1,0,1,1.5,1.5,1.5,1,artist_00029,He is goalzalal... / 82825874892의 그림체(arca) / 2D-like Semi 2D
arang_(arang0220),arang_(arang0220),arang (arang0220),1,0,1,1.2,1.2,1.2,1,artist_00011,Cute style / Philia의 그림체(arca) / 2D-like Semi 2D
arisaka_ako,arisaka_ako,arisaka ako,1,0,1,1.9,1.9,1.9,1,artist_00020,FMNZTN's 19 / FMNZTN의 그림체(arca) / Balanced Semi 2D / zagle zagle and looks good
artelsia,artelsia,artelsia,1,0,1,0.7,0.7,0.7,1,artist_00031,HisFirst / Nakamasa_Ichika의 그림체(arca) / Balanced Semi 2D / 3::flat color:: <<another feeling
ask_(askzy),ask_(askzy),ask (askzy),1,0,1,1.5,1.5,1.5,1,artist_00010,Classic art style / Philia의 그림체(arca) / Realistic Semi 2D
au_(d_elete),au_(d_elete),au (d elete),1,0,1,2.3,2.3,2.3,1,artist_00010,Classic art style / Philia의 그림체(arca) / Realistic Semi 2D
bacius,bacius,bacius,1,0,1,1.75,1.75,1.75,1,artist_00039,Man who don’t give up / 포기하지않는남자의 그림체(arca) / Balanced Semi 2D / Hard outline
benevole,benevole,benevole,1,0,1,0.65,0.65,0.65,1,artist_00033,Human ranch / Nakamasa_Ichika의 그림체(arca) / Balanced Semi 2D
blue_gk,blue_gk,blue gk,1,0,1,0.5,0.5,0.5,1,artist_00020,FMNZTN's 19 / FMNZTN의 그림체(arca) / Balanced Semi 2D / zagle zagle and looks good
bm94199,bm94199,bm94199,1,0,1,1.6,1.6,1.6,1,artist_00075,Tasty style / ㅇㅇ#50034106의 그림체(arca) / Balanced Semi 2D
chan_co,chan_co,chan co,1,0,1,1.5,1.5,1.5,1,artist_00011,Cute style / Philia의 그림체(arca) / 2D-like Semi 2D
cola_gotouryouta,cola_gotouryouta,cola gotouryouta,1,0,1,1.1,1.1,1.1,1,artist_00025,FMNZTN's 6 / FMNZTN의 그림체(arca) / Balanced Semi 2D / many humanbody ZzinBba
dfm_(darknessdfm),dfm_(darknessdfm),dfm (darknessdfm),1,0,1,1.5,1.5,1.5,1,artist_00010,Classic art style / Philia의 그림체(arca) / Realistic Semi 2D
disorder!,disorder!,disorder!,1,0,1,1.05,1.05,1.05,1,artist_00033,Human ranch / Nakamasa_Ichika의 그림체(arca) / Balanced Semi 2D
doppel_(bonnypir),doppel_(bonnypir),doppel_(bonnypir),1,0,1,1.5,1.5,1.5,1,artist_00055,Philia #5 / Philia의 그림체(arca) / Balanced Semi 2D
duoyuanjun,duoyuanjun,duoyuanjun,1,0,1,1.6,1.6,1.6,1,artist_00030,Hikirjikq's style / Hikirjikq의 그림체(arca) / Balanced Semi 2D
fernanda_suarez,fernanda_suarez,fernanda suarez,1,0,1,0.5,0.5,0.5,1,artist_00001,13002#1 / 13002의 그림체(arca) / Semi Realistic
fujimoto_tatsuki,fujimoto_tatsuki,fujimoto tatsuki,1,0,1,2.5,2.5,2.5,1,artist_00018,FMNZTN's 17 / FMNZTN의 그림체(arca) / Balanced Semi 2D / tatsuki base
fungi542,fungi542,fungi542,1,0,1,0.5,0.5,0.5,1,artist_00078,Wo_habum base / Philia의 그림체(arca) / Balanced Semi 2D / KOR webtoon taste
goguma_wagamja,goguma_wagamja,goguma wagamja,1,0,1,2.0,2.0,2.0,1,artist_00078,Wo_habum base / Philia의 그림체(arca) / Balanced Semi 2D / KOR webtoon taste
halcon,halcon,halcon,1,0,1,1.2,1.2,1.2,1,artist_00040,Philia #1 / Philia의 그림체(arca) / Balanced Semi 2D
hayakawa_akari,hayakawa_akari,hayakawa_akari,1,0,1,1.15,1.15,1.15,1,artist_00074,Slave2 / Nakamasa_Ichika의 그림체(arca) / Balanced Semi 2D
henken,henken,henken,1,0,1,1.1,1.1,1.1,1,artist_00064,Shrimp with soy sauce #1 / 간장새우맛칩의 그림체(arca) / Balanced Semi 2D
hito_komoru,hito_komoru,hito_komoru,1,0,1,1.1,1.1,1.1,1,artist_00064,Shrimp with soy sauce #1 / 간장새우맛칩의 그림체(arca) / Balanced Semi 2D
huanxiang_heitu,huanxiang_heitu,huanxiang heitu,1,0,1,1.0,1.0,1.0,1,artist_00008,Casual & Heavy color / CostaRocky의 그림체(arca) / Balanced Semi 2D
huhi_(huhi_1211),huhi_(huhi_1211),huhi (huhi 1211),1,0,1,1.2,1.2,1.2,1,artist_00058,Philia #8 / Philia의 그림체(arca) / Balanced Semi 2D
hxxg,hxxg,hxxg,1,0,1,0.8,0.8,0.8,1,artist_00064,Shrimp with soy sauce #1 / 간장새우맛칩의 그림체(arca) / Balanced Semi 2D
ikemeru19,ikemeru19,ikemeru19,1,0,1,3.0,3.0,3.0,1,artist_00044,Philia #13 / Philia의 그림체(arca) / Balanced Semi 2D
ikeuchi_tanuma,ikeuchi_tanuma,ikeuchi tanuma,1,0,1,1.2,1.2,1.2,1,artist_00048,Philia #17 / Philia의 그림체(arca) / Balanced Semi 2D
iwawa,iwawa,iwawa,1,0,1,0.7,0.7,0.7,1,artist_00076,Token say help me / Philia의 그림체(arca) / Balanced Semi 2D
jagercoke,jagercoke,jagercoke,1,0,1,0.9,0.9,0.9,1,artist_00001,13002#1 / 13002의 그림체(arca) / Semi Realistic
jp06,jp06,jp06,1,0,1,0.6,0.6,0.6,1,artist_00065,Shrimp with soy sauce #2 / 간장새우맛칩의 그림체(arca) / Balanced Semi 2D
jp06_(orangemaru),jp06_(orangemaru),jp06_(orangemaru),1,0,1,1.2,1.2,1.2,1,artist_00055,Philia #5 / Philia의 그림체(arca) / Balanced Semi 2D
junsuina_fujunbutsu,junsuina_fujunbutsu,junsuina fujunbutsu,1,0,1,3.0,3.0,3.0,1,artist_00011,Cute style / Philia의 그림체(arca) / 2D-like Semi 2D
k3nnyn3v,k3nnyn3v,k3nnyn3v,1,0,1,0.4,0.4,0.4,1,artist_00012,FMNZTN's 1 / FMNZTN의 그림체(arca) / Dot
kanden_sky,kanden_sky,kanden_sky,1,0,1,0.9,0.9,0.9,1,artist_00005,Athlete v2 / Nakamasa_Ichika의 그림체(arca) / 2D-like Semi 2D / abs
kedama_milk,kedama_milk,kedama milk,1,0,1,1.4,1.4,1.4,1,artist_00032,HisPreciousStyle / DPTG의 그림체(arca) / Balanced Semi 2D
kiriyama_taichi,kiriyama_taichi,kiriyama_taichi,1,0,1,0.4,0.4,0.4,1,artist_00073,Slave v2 / Nakamasa_Ichika의 그림체(arca) / Balanced Semi 2D
kokemomo_(makesound),kokemomo_(makesound),kokemomo_(makesound),1,0,1,1.2,1.2,1.2,1,artist_00058,Philia #8 / Philia의 그림체(arca) / Balanced Semi 2D
koutate,koutate,koutate,1,0,1,0.8,0.8,0.8,1,artist_00074,Slave2 / Nakamasa_Ichika의 그림체(arca) / Balanced Semi 2D
krystopher_decker,krystopher_decker,krystopher_decker,1,0,1,0.35,0.35,0.35,1,artist_00077,Western / Nakamasa_Ichika의 그림체(arca) / Balanced Semi 2D / join artist:contllenge
kuook,kuook,kuook,1,0,1,0.7,0.7,0.7,1,artist_00069,Shrimp with soy sauce #6 / 간장새우맛칩의 그림체(arca) / Balanced Semi 2D
lal!role,lal!role,lal!role,1,0,1,1.1,1.1,1.1,1,artist_00064,Shrimp with soy sauce #1 / 간장새우맛칩의 그림체(arca) / Balanced Semi 2D
liduke,liduke,liduke,1,0,1,1.5,1.5,1.5,1,artist_00014,FMNZTN's 12 / FMNZTN의 그림체(arca) / Balanced Semi 2D / low NSFW success
liu2e3ing,liu2e3ing,liu2e3ing,1,0,1,1.2,1.2,1.2,1,artist_00001,13002#1 / 13002의 그림체(arca) / Semi Realistic
lunch(shin_new),lunch(shin_new),lunch(shin new),1,0,1,1.3,1.3,1.3,1,artist_00030,Hikirjikq's style / Hikirjikq의 그림체(arca) / Balanced Semi 2D
mabius,mabius,mabius,1,0,1,2.5,2.5,2.5,1,artist_00054,Philia #4 / Philia의 그림체(arca) / Balanced Semi 2D
mejikara_scene,mejikara_scene,mejikara_scene,1,0,1,0.8,0.8,0.8,1,artist_00037,Inoue kiyoshirou base / Philia의 그림체(arca) / Balanced Semi 2D / milf tasty
mikoyan,mikoyan,mikoyan,1,0,1,1.5,1.5,1.5,1,artist_00021,FMNZTN's 2 / FMNZTN의 그림체(arca) / Balanced Semi 2D / Yankee's sense
mimonel,mimonel,mimonel,1,0,1,1.5,1.5,1.5,1,artist_00055,Philia #5 / Philia의 그림체(arca) / Balanced Semi 2D
minaba_hideo,minaba_hideo,minaba hideo,1,0,1,1.5,1.5,1.5,1,artist_00022,FMNZTN's 3 / FMNZTN의 그림체(arca) / Realistic Semi 2D / tasty chicken farm
mossacannibalis,mossacannibalis,mossacannibalis,1,0,1,0.8,0.8,0.8,1,artist_00021,FMNZTN's 2 / FMNZTN의 그림체(arca) / Balanced Semi 2D / Yankee's sense
myabit,myabit,myabit,1,0,1,1.85,1.85,1.85,1,artist_00020,FMNZTN's 19 / FMNZTN의 그림체(arca) / Balanced Semi 2D / zagle zagle and looks good
nakta,nakta,nakta,1,0,1,2.0,2.0,2.0,1,artist_00011,Cute style / Philia의 그림체(arca) / 2D-like Semi 2D
namori,namori,namori,1,0,1,2.5,2.5,2.5,1,artist_00016,FMNZTN's 14 / FMNZTN의 그림체(arca) / Dot / sparrowl base
nico-tine,nico-tine,nico-tine,1,0,1,1.5,1.5,1.5,1,artist_00021,FMNZTN's 2 / FMNZTN의 그림체(arca) / Balanced Semi 2D / Yankee's sense
nixeu,nixeu,nixeu,1,0,1,0.6,0.6,0.6,1,artist_00010,Classic art style / Philia의 그림체(arca) / Realistic Semi 2D
nogiwa_kaede,nogiwa_kaede,nogiwa_kaede,1,0,1,3.0,3.0,3.0,1,artist_00057,Philia #7 / Philia의 그림체(arca) / Balanced Semi 2D
obui,obui,obui,1,0,1,0.8,0.8,0.8,1,artist_00019,FMNZTN's 18 / FMNZTN의 그림체(arca) / Semi Dot / muchimaro base
oohiro_rin,oohiro_rin,oohiro_rin,1,0,1,2.35,2.35,2.35,1,artist_00072,Slave / Nakamasa_Ichika의 그림체(arca) / Balanced Semi 2D
oopartz_yang,oopartz_yang,oopartz yang,1,0,1,1.2,1.2,1.2,1,artist_00076,Token say help me / Philia의 그림체(arca) / Balanced Semi 2D
op_na_yarou,op_na_yarou,op na yarou,1,0,1,1.5,1.5,1.5,1,artist_00011,Cute style / Philia의 그림체(arca) / 2D-like Semi 2D
otu_(o2h2_oh4),otu_(o2h2_oh4),otu_(o2h2_oh4),1,0,1,1.5,1.5,1.5,1,artist_00011,Cute style / Philia의 그림체(arca) / 2D-like Semi 2D
parsley-f,parsley-f,parsley-f,1,0,1,1.4,1.4,1.4,1,artist_00040,Philia #1 / Philia의 그림체(arca) / Balanced Semi 2D
rerrere,rerrere,rerrere,1,0,1,0.8,0.8,0.8,1,artist_00065,Shrimp with soy sauce #2 / 간장새우맛칩의 그림체(arca) / Balanced Semi 2D
roborobocap,roborobocap,roborobocap,1,0,1,0.7,0.7,0.7,1,artist_00001,13002#1 / 13002의 그림체(arca) / Semi Realistic
rororogi_mogera,rororogi_mogera,rororogi_mogera,1,0,1,1.2,1.2,1.2,1,artist_00067,Shrimp with soy sauce #4 / 간장새우맛칩의 그림체(arca) / Balanced Semi 2D
rusellunt,rusellunt,rusellunt,1,0,1,0.5,0.5,0.5,1,artist_00069,Shrimp with soy sauce #6 / 간장새우맛칩의 그림체(arca) / Balanced Semi 2D
sangsoo_jeong,sangsoo_jeong,sangsoo jeong,1,0,1,1.0,1.0,1.0,1,artist_00001,13002#1 / 13002의 그림체(arca) / Semi Realistic
sano_yuuto,sano_yuuto,sano yuuto,1,0,1,3.0,3.0,3.0,1,artist_00016,FMNZTN's 14 / FMNZTN의 그림체(arca) / Dot / sparrowl base
sardine_(kjr0313),sardine_(kjr0313),sardine_(kjr0313),1,0,1,2.85,2.85,2.85,1,artist_00077,Western / Nakamasa_Ichika의 그림체(arca) / Balanced Semi 2D / join artist:contllenge
sawada_yuusuke,sawada_yuusuke,sawada_yuusuke,1,0,1,0.65,0.65,0.65,1,artist_00072,Slave / Nakamasa_Ichika의 그림체(arca) / Balanced Semi 2D
seramikku,seramikku,seramikku,1,0,1,1.3,1.3,1.3,1,artist_00068,Shrimp with soy sauce #5 / 간장새우맛칩의 그림체(arca) / Balanced Semi 2D
shexyo,shexyo,shexyo,1,0,1,0.9,0.9,0.9,1,artist_00048,Philia #17 / Philia의 그림체(arca) / Balanced Semi 2D
sheya,sheya,sheya,1,0,1,1.0,1.0,1.0,1,artist_00008,Casual & Heavy color / CostaRocky의 그림체(arca) / Balanced Semi 2D
shikarii,shikarii,shikarii,1,0,1,0.9,0.9,0.9,1,artist_00001,13002#1 / 13002의 그림체(arca) / Semi Realistic
shinchou_ni_kansuru_kousatsu,shinchou_ni_kansuru_kousatsu,shinchou_ni_kansuru_kousatsu,1,0,1,0.85,0.85,0.85,1,artist_00074,Slave2 / Nakamasa_Ichika의 그림체(arca) / Balanced Semi 2D
skade,skade,skade,1,0,1,2.0,2.0,2.0,1,artist_00008,Casual & Heavy color / CostaRocky의 그림체(arca) / Balanced Semi 2D
sohn_woohyoung,sohn_woohyoung,sohn woohyoung,1,0,1,0.4,0.4,0.4,1,artist_00038,Kindness / 착하게살래요의 그림체(arca) / 2D-like Semi 2D
specialhanako,specialhanako,specialhanako,1,0,1,0.6,0.6,0.6,1,artist_00054,Philia #4 / Philia의 그림체(arca) / Balanced Semi 2D
ssr_(azmr2828),ssr_(azmr2828),ssr (azmr2828),1,0,1,1.7,1.7,1.7,1,artist_00066,Shrimp with soy sauce #3 / 간장새우맛칩의 그림체(arca) / Balanced Semi 2D
suzutarou_gunsou,suzutarou_gunsou,suzutarou_gunsou,1,0,1,1.55,1.55,1.55,1,artist_00033,Human ranch / Nakamasa_Ichika의 그림체(arca) / Balanced Semi 2D
tab_head,tab_head,tab head,1,0,1,1.1,1.1,1.1,1,artist_00032,HisPreciousStyle / DPTG의 그림체(arca) / Balanced Semi 2D
takeda_hiromitsu,takeda_hiromitsu,takeda hiromitsu,1,0,1,0.5,0.5,0.5,1,artist_00018,FMNZTN's 17 / FMNZTN의 그림체(arca) / Balanced Semi 2D / tatsuki base
takeuchi_ryousuke,takeuchi_ryousuke,takeuchi ryousuke,1,0,1,0.3,0.3,0.3,1,artist_00016,FMNZTN's 14 / FMNZTN의 그림체(arca) / Dot / sparrowl base
tamitami,tamitami,tamitami,1,0,1,0.8,0.8,0.8,1,artist_00033,Human ranch / Nakamasa_Ichika의 그림체(arca) / Balanced Semi 2D
tianliang_duohe_fangdongye,tianliang_duohe_fangdongye,tianliang_duohe_fangdongye,1,0,1,0.6,0.6,0.6,1,artist_00055,Philia #5 / Philia의 그림체(arca) / Balanced Semi 2D
tokiame,tokiame,tokiame,1,0,1,0.9,0.9,0.9,1,artist_00020,FMNZTN's 19 / FMNZTN의 그림체(arca) / Balanced Semi 2D / zagle zagle and looks good
umigraphic,umigraphic,umigraphic,1,0,1,1.3,1.3,1.3,1,artist_00001,13002#1 / 13002의 그림체(arca) / Semi Realistic
wagashi_dagashiya),wagashi_dagashiya),wagashi_dagashiya),1,0,1,0.8,0.8,0.8,1,artist_00044,Philia #13 / Philia의 그림체(arca) / Balanced Semi 2D
waka_(shark_waka),waka_(shark_waka),waka_(shark_waka),1,0,1,0.45,0.45,0.45,1,artist_00004,Athlete / Nakamasa_Ichika의 그림체(arca) / Balanced Semi 2D / abs / big deviation
wantan_meo,wantan_meo,wantan_meo,1,0,1,0.65,0.65,0.65,1,artist_00074,Slave2 / Nakamasa_Ichika의 그림체(arca) / Balanced Semi 2D
wlop,wlop,wlop,1,0,1,0.8,0.8,0.8,1,artist_00076,Token say help me / Philia의 그림체(arca) / Balanced Semi 2D
wo_habum,wo_habum,wo habum,1,0,1,3.0,3.0,3.0,1,artist_00078,Wo_habum base / Philia의 그림체(arca) / Balanced Semi 2D / KOR webtoon taste
xi_xeong,xi_xeong,xi xeong,1,0,1,1.5,1.5,1.5,1,artist_00008,Casual & Heavy color / CostaRocky의 그림체(arca) / Balanced Semi 2D
yomu_(sgt_epper),yomu_(sgt_epper),yomu_(sgt_epper),1,0,1,0.4,0.4,0.4,1,artist_00037,Inoue kiyoshirou base / Philia의 그림체(arca) / Balanced Semi 2D / milf tasty
yukari_(rihenara_doll),yukari_(rihenara_doll),yukari_(rihenara_doll),1,0,1,0.8,0.8,0.8,1,artist_00073,Slave v2 / Nakamasa_Ichika의 그림체(arca) / Balanced Semi 2D
zuizi,zuizi,zuizi,1,0,1,0.5,0.5,0.5,1,artist_00048,Philia #17 / Philia의 그림체(arca) / Balanced Semi 2D
