rank,artist_name,total_count,preset_count,avg_positive_weight,danbooru_id,danbooru_wiki,other_names,urls,top_works
1,mx2j,36,36,1.569,69708,https://danbooru.donmai.us/artists/69708,mi.ma.jang; mx2j; mx2j_(nsh6394); nosongang; nsh6394; yonggi; 미.마.장,,blue_archive(50)
2,channel_(caststation),34,34,2.047,241598,https://danbooru.donmai.us/artists/241598,Entertainment; _CASTSTATION; channel; channel_(_caststation); channel_station; channelcaststation; tanosii_chan; tanosiichan1; transmitterchan,,vocaloid(45); ima_sugu_rinne_(vocaloid)(10); utau(7); rabbit_hole_(vocaloid)(6); world_is_mine_(vocaloid)(3)
3,gogalking,28,28,1.405,194706,https://danbooru.donmai.us/artists/194706,march1638; marich1217,,guilty_gear(1); guilty_gear_strive(1); helldivers_(series)(1)
4,onono_imoko,27,27,1.122,6554,https://danbooru.donmai.us/artists/6554,gyokai; gyokai_(alicesoft); gyokai_(artist); himehajime; himehajime69; moai21; shunin; syunin; おののいもこ; 主任; 小野妹子; 魚介; 鱼介,,dohna_dohna_issho_ni_warui_koto_o_shiyou(19); rance_(series)(13); rance_03(8); rance_ix(2); vspo!(1)
5,ratatatat74,26,26,1.042,223219,https://danbooru.donmai.us/artists/223219,mr._skull; mr.해골; ridex619; spray_and_pray,,boku_no_hero_academia(9); overwatch(7); chainsaw_man(6); utau(5); vocaloid(4)
6,fishine,25,25,1.352,37905,https://danbooru.donmai.us/artists/37905,bear_hand; fishine02; hirame; karei; service_heaven; turtle.fish.paint; ひらめ; カレイ; 比目魚; 比目魚先生; 魚生; 龜魚派,,indie_virtual_youtuber(13); league_of_legends(5); fire_emblem(2); fire_emblem_fates(2); hooters(2)
7,ie_(raarami),23,23,1.202,189195,https://danbooru.donmai.us/artists/189195,_raarami_; ammi109; araie7; bessou_1; ie; ie1; ie_; ie_(_raarami_); ie_(araie7); いえ,,blue_archive(7); pokemon(4); pokemon_sun_and_moon(2); pokemon_legends:_z-a(1); egyptian_mythology(1)
8,wagashi_(dagashiya),23,23,1.191,155904,https://danbooru.donmai.us/artists/155904,wagasi; wagasi012; wakako_(wagasiorhugasi); きしわがし; 和菓子; 駄菓子屋(和菓子),,summon_night(8); summon_night_3(8); fire_emblem(8); fire_emblem:_three_houses(8); toradora!(5)
9,freng,22,22,0.807,128522,https://danbooru.donmai.us/artists/128522,frengchiano; frengchiano2; gkdms335; icsyoni; icsyoni1; 𝘧𝘳𝘦𝘯𝘨,,blue_archive(18); azur_lane(13); zenless_zone_zero(5); vocaloid(4); stellive(2)
10,ningen_mame,22,22,0.945,230123,https://danbooru.donmai.us/artists/230123,にんげんまめ,,vocaloid(15); k-on!(12); idolmaster(11); idolmaster_cinderella_girls(6); project_sekai(6)
11,strongbana,22,22,1.373,250050,https://danbooru.donmai.us/artists/250050,StorongBana,,league_of_legends(44); zenless_zone_zero(2); genshin_impact(1); the_legend_of_zelda(1); the_legend_of_zelda:_tears_of_the_kingdom(1)
12,ohisashiburi,20,20,0.65,50718,https://danbooru.donmai.us/artists/50718,NUae5elll; avd6jt2l; huro-hairu; illmnsn; llllllll_______; llllllllllllsasi; ohisashi; sheshe...; st.sousuke; st.そうすけ; wntame; y5tyqt; おpp; お久し; お久しのページ; お久しぶり; お久しぶりです; お久しぶりぶりちんぽ王国; ちんぽ王国; ばんくる; シェシェ…,,needy_girl_overdose(24); goddess_of_victory:_nikke(7); azur_lane(6); imouto_tasha_paranoia(2); sweets_paradise(1)
13,kakure_eria,19,19,0.847,138487,https://danbooru.donmai.us/artists/138487,(隠れエリア); haku3490; 影おじ; 隠れエリア,,one-punch_man(16); meitantei_precure!(12); precure(12); cho_kaguya-hime!(8); fate/strange_fake(8)
14,momisan,19,19,1.126,338347,https://danbooru.donmai.us/artists/338347,momi-san; renrencomcom; もみさん,,fate_(series)(50); fate/grand_order(46); fate/extra(3); fate/apocrypha(1)
15,inoue_kiyoshirou,17,17,1.641,23494,https://danbooru.donmai.us/artists/23494,inoue_kishiro; kishiro_inoue; nakamura_yoshihiro; 中村嘉宏; 胃之上奇嘉郎,,comic_x-eros(25); fate_(series)(8); fate/grand_order(7); granblue_fantasy(3); houshi_iin_no_oshigoto(1)
16,soukou_makura,13,12,0.762,108509,https://danbooru.donmai.us/artists/108509,armor_pillow; soukoumakura; undertakerpress; 装甲枕,,arknights(12); girls'_frontline(10); umamusume(7); indie_virtual_youtuber(4); genshin_impact(3)
17,baffu,12,12,0.867,121032,https://danbooru.donmai.us/artists/121032,baffu_(bonnie); bonnie; bonnie-23; bonnie_(baffu); bonnie_3404; buffaler; ばっふ; ぼに～; ぼに～＠c93_東あ-66a; 仔馬牧場の小屋,,blue_archive(19); zenless_zone_zero(6); gundam(2); gundam_seed(2); chainsaw_man(1)
18,kezime,12,12,0.583,231012,https://danbooru.donmai.us/artists/231012,KEZIMEro; 🔞KEZIME,,final_fight(1); final_fight_i(1)
19,imamura_ryou,11,11,1.191,67959,https://danbooru.donmai.us/artists/67959,0000000000yw; Nce42g; Sammo_Hung; freezingtarou29; hamumushao; jeyiyw; jusjusojus; kamegame; kitaakabane15; momo29; momo292929; momo29rim; ryo_imamura; samohankinkinpo; samoman; samomo3mo3; usausau44765957; yw_jeyi888; はむむしゃお; サーモンハラス; 亀噛; 今村亮,,hololive(20); seitokai_ni_mo_ana_wa_aru!(17); final_fantasy(4); final_fantasy_vii(3); perfect_blue(3)
20,kanke_(kank06020602),11,11,1.145,232886,https://danbooru.donmai.us/artists/232886,kank0602; kank06020602; user_krgu2522; カンケー,,yuuyuu_jiteki.(8); ogami_tsumiki_to_ki_nichijou(1); boku_no_hero_academia(1); teihen_no_daigaku_janaru(1); ijiranaide_nagatoro-san(1)
21,murata_yuusuke,11,11,1.155,55021,https://danbooru.donmai.us/artists/55021,村田雄介,,one-punch_man(41); journey_to_the_west(4); zaiyuki(4); dragon_ball(2); shounen_jump(2)
22,limgae,10,10,0.88,128816,https://danbooru.donmai.us/artists/128816,LIMGAE; chaemin186; lim_gae; lim_meat; lim_niku; limdog; limgae2726; limniku; mrasdf; rimu_niku; リム肉; 림개,,pokemon(9); azur_lane(6); goddess_of_victory:_nikke(6); zenless_zone_zero(5); league_of_legends(4)
23,horikoshi_kouhei,9,9,1.356,119310,https://danbooru.donmai.us/artists/119310,Horikoshi_Kouhei; horikoshideru; horikoshiko; horikoshiko_; marunikke; onaraderu; 堀越; 堀越耕平,,boku_no_hero_academia(46); shounen_jump(3); kagurabachi(1); black_clover(1); cyborg_009(1)
24,sparrowl,7,7,1.229,177674,https://danbooru.donmai.us/artists/177674,isb9898; sparrowl19; 참빼미,,indie_virtual_youtuber(9); league_of_legends(5); hazbin_hotel(1); hellaverse(1); waktaverse(1)
25,healthyman,6,6,0.833,179597,https://danbooru.donmai.us/artists/179597,healthy8man; kento0131; take0131; ヘルシーマン,,blue_archive(15); idolmaster(7); honkai:_star_rail(6); honkai_(series)(6); idolmaster_cinderella_girls(5)
26,henreader,6,6,1.533,58411,https://danbooru.donmai.us/artists/58411,henreader_; henreaderh; へんりいだ,,melonbooks(3); comic_exe(1); comitia_153(1); amagi_brilliant_park(1); nyantype(1)
27,imazawa,6,6,0.633,197748,https://danbooru.donmai.us/artists/197748,imaza121; jinze; jinze_(imazawa); 东云我鸟; 今沢; 天上天下天地无双金玉次郎长,,slay_the_spire(3); bilibili(1); arknights(1)
28,kurono_mitsuki,6,6,1.55,274742,https://danbooru.donmai.us/artists/274742,kuro_0807; kurono-mitsuki; kurotuki_nn; クロノミツキ; クロノミツキ@fanbox開始,,dakikano(4); re:lief_~shin'ai_naru_anata_e~(2); melonbooks(1); chainsaw_man(1)
29,2n5,5,5,1.34,96656,https://danbooru.donmai.us/artists/96656,25another; 2n5another; mikenko2222; mogemogedayo; mogemogedayo735842.png; ororororororz; ororororz_gero,,vocaloid(3); scream_(movie)(1); kirby_(series)(1); pokemon(1); hooters(1)
30,asanagi,5,5,2.04,5185,https://danbooru.donmai.us/artists/5185,asanagi_(f/p); asanagi_(kbtr); asanagi_kuon; fatal_pulse; ialray; ills_(fatalpulse); kbtr; victim_girls; zephyr_(fatalpulse); あさなぎ; イアルレイ; 朝凪; 朝凪久遠; 朝凪🔞fatalpulse,,blue_archive(10); orc_eiyuu_monogatari(7); granblue_fantasy(6); elf_village(3); comiket_106(3)
31,aya_shachou,5,5,1.04,19093,https://danbooru.donmai.us/artists/19093,P/A; PresidentIrod; QKEkcVeTIns; ayakatyou; ayasyatyou; gokusaicolor; gokusaishiki; lowest_aya; 彩社長,,blue_archive(14); virtual_ant_channel(3); comiket_106(2); kantai_collection(1); breakout(1)
32,himura_kiseki,5,5,1.28,7501,https://danbooru.donmai.us/artists/7501,Strangestone; arumih; himura_nyuugyou_(kari); ひむら; 比村乳業; 比村乳業（仮）; 比村奇石,,getsuyoubi_no_tawawa(49); kanan-sama_wa_akumade_choroi(1); grisaia_(series)(1); grisaia_phantom_trigger(1)
33,kim_eb,4,4,1.587,132900,https://danbooru.donmai.us/artists/132900,eb; ebkim00; eb十; nakeuna; pobok3120; エブ; キムエブ; 김에브; 김에브/eb十,,hololive(15); hololive_english(15); girls'_frontline(4); azur_lane(4); girls'_frontline_2:_exilium(3)
34,kimtoxic,4,4,1.175,199018,https://danbooru.donmai.us/artists/199018,,,league_of_legends(38); arcane:_league_of_legends(9); chainsaw_man(1)
35,lesly_oh,4,4,1.212,212978,https://danbooru.donmai.us/artists/212978,leslyoh,,league_of_legends(8); alien_stage(8); arcane:_league_of_legends(6); shoujo_kageki_revue_starlight(6); kusuriya_no_hitorigoto(5)
36,quasarcake,4,4,1.638,241140,https://danbooru.donmai.us/artists/241140,🌌; QUASARCAKE; Glansi; ceciliakaf,,sousou_no_frieren(20); arknights(15); arknights:_endfield(6); hololive(4); hololive_english(4)
37,ronna,4,4,1.8,91624,https://danbooru.donmai.us/artists/91624,asnaronna; ronna-h; ronna_h; ronnashi; ろんな; 論無し,,ts_loli_oji-san_no_boukan(21); fate/grand_order(5); fate_(series)(5); yama_no_susume(4); comiket_107(1)
38,solipsist,4,4,1.212,237841,https://danbooru.donmai.us/artists/237841,Solip; Solip-; Solip_ist,,monogatari_(series)(37); kizumonogatari(14); bakemonogatari(9); omori(5); chainsaw_man(4)
39,wanke,4,4,0.975,150568,https://danbooru.donmai.us/artists/150568,studio_eight; wan_ke; 완케; ￦anke,,grimlight(14); chainsaw_man(6); kimetsu_no_yaiba(5); legendary_sword(3); jujutsu_kaisen(3)
40,xipa,4,4,1.925,422708,https://danbooru.donmai.us/artists/422708,XIPAファンクラブ; Xipa; Xipa645,,blue_archive(29); zenless_zone_zero(6); arknights(3); arknights:_endfield(3); hololive(2)
41,cutesexyrobutts,3,3,0.833,151571,https://danbooru.donmai.us/artists/151571,csr-paintings; cute_sexy_robutts; robutts,,azur_lane(9); persona(3); pokemon(3); kono_subarashii_sekai_ni_shukufuku_wo!(2); pokemon_x_and_y(2)
42,ebora,3,3,1.733,293355,https://danbooru.donmai.us/artists/293355,Ebor18; Ebora_art; ebora14576; ebora_lb6_era; eboraboy; eborad; eborart; grognis47; roabe; youngmanisdown; yungmanisntdown,,fate_(series)(30); fate/grand_order(27); nyanko_daisensou(7); pokemon(5); bakemonogatari(4)
43,furaggu_(frag_0416),3,3,0.25,272600,https://danbooru.donmai.us/artists/272600,frag_0416; ふらっぐ,,kantai_collection(44); pokemon(2); pokemon_legends:_z-a(2); xenoblade_chronicles_(series)(2); xenoblade_chronicles_3(2)
44,hanagata,3,3,0.8,68531,https://danbooru.donmai.us/artists/68531,870mg; hanada_(5385); hanada_(rakugakiii); hanada_(wc); hanada_shio; hanada_shiwo; hanakeda; hshs; lv240; lv870; m809658; moi; moooo; nisiwo2; rakugakiii; し.を; となりの山田; に田んぼの田; 侘助; 田んぼ; 花; 花ヶ田; 花ヶ田_/_hanagata; 花田; 花田しを; ｗｃ,,fate_(series)(21); fate/grand_order(19); watashi_no_oshi_wa_akuyaku_reijou(5); heaven_burns_red(4); project_sekai(3)
45,henriiku_(ahemaru),3,3,0.667,121718,https://danbooru.donmai.us/artists/121718,aemaru_(kenzenahemaru); ahemaru; ahemaru_(henriiku); ahemaru_(renimiruhisyutorase); henriiku; kenzenahemaru; renimiruhisyutorase; あへまる; アヘ丸; アヘ丸(ヘンリーク); ヘンリーク; ヘンリーク(アヘ丸),,hololive(33); hololive_dev_is(6); hololive_english(2); fate_(series)(2); eizouken_ni_wa_te_wo_dasu_na!(2)
46,homunculus_(alchemynote),3,3,1.6,33944,https://danbooru.donmai.us/artists/33944,ho; homunculus; homunculus_(artist); undercover_brothers; ホ; ホム; ホムンクルス; ホムンクルス_(漫画家),,comic_kairakuten(2); monogatari_(series)(1); fate/grand_order(1); fate_(series)(1)
47,hyocorou,3,3,1.0,35005,https://danbooru.donmai.us/artists/35005,hyoco; hyoco6; hyoco_michi; hyoco_road; ひょころー; ひょこ道,,kyouka_jinrui_amunero(10); street_fighter(4); street_fighter_6(3); occultic;nine(2); science_adventure(2)
48,imigimuru,3,3,1.533,5355,https://danbooru.donmai.us/artists/5355,ayashi; meari; いみぎむる; アヤシ,,make_heroine_ga_oo_sugiru!(46); otonari_no_tenshi-sama_ni_itsu_no_mani_ka_dame_ningen_ni_sarete_ita_ken(1); lycoris_recoil(1); sousou_no_frieren(1)
49,jeneral,3,3,1.1,211928,https://danbooru.donmai.us/artists/211928,janggun; janggun8202; mister-j; mr.j,,one-punch_man(7); blue_archive(5); fire_emblem(4); fire_emblem:_three_houses(4); overlord_(maruyama)(3)
50,jima,3,3,1.467,93013,https://danbooru.donmai.us/artists/93013,b0o367po; chirochirochiron; iijima_masashi; opopowa; opopowa1; ちろちろちろん; 飯島まさし,,vspo!(3)
51,kereno,3,3,0.5,24462,https://danbooru.donmai.us/artists/24462,am-kereno; am_kereno; amber_kereno; ke_(amber); kereno_6; kereno_amber; kereno_teikoku; けれの; けれの帝国,,"idolmaster(12); idolmaster_cinderella_girls(12); granblue_fantasy(5); hime-sama_""goumon""_no_jikan_desu(4); pokemon(2)"
52,kidmo,3,3,0.467,186163,https://danbooru.donmai.us/artists/186163,kidmo; kidmo_art; kimdonga; 김동아; 벅지ㅡkidmo,,indie_virtual_youtuber(4); league_of_legends(4); sanabi(2); honkai:_star_rail(2); honkai_(series)(2)
53,krenz,3,3,0.967,11010,https://danbooru.donmai.us/artists/11010,Krenz; Krenz教學管理中心; chung_gou-shou; cushart,,fate_(series)(5); girls'_frontline(4); fate/grand_order(4); fate/extra(3); kantai_collection(2)
54,kyapefuro,3,3,0.8,503264,https://danbooru.donmai.us/artists/503264,きゃぺふろ,,sefri_no_ichihara_ga_nigashite_kurenai(42); majime_na_kouhai_kara_kairaku_zeme_sareru_nante_kiitenai!(8)
55,lakilolom,3,3,1.833,112886,https://danbooru.donmai.us/artists/112886,gjs1105; laki-lolom; lakilolom01; lakilolom02; lakilolomH; 라기롤롬,,kantai_collection(3); kobayashi-san_chi_no_maidragon(2); vocaloid(2); voiceroid(2); zako_(vocaloid)(2)
56,lunch_(shin_new),3,3,0.967,4589,https://danbooru.donmai.us/artists/4589,lunch_(lunch3); shin_new; らんち; 新入部員,,blue_archive(46); bunny_garden(4)
57,mamerakkkkko,3,3,0.85,192196,https://danbooru.donmai.us/artists/192196,mame_rakko; onesyotarakko; pontapon13; tanakataroukami; 冷えた豆ラッコ; 凍った豆ラッコ; 某ラッコ; 豆ラッコ,,meitantei_precure!(5); precure(5); mcdonald's(4); indie_virtual_youtuber(4); yu-gi-oh!(3)
58,manglifer,3,3,1.45,191192,https://danbooru.donmai.us/artists/191192,Aza; Aza0706,,zenless_zone_zero(25); blue_archive(9); girls'_frontline(5); girls'_frontline_2:_exilium(5); meitantei_precure!(4)
59,meme50,3,3,1.633,9430,https://danbooru.donmai.us/artists/9430,meme; memememe; メメ; メメ50; メメメメ; メメ屋,,comiket_107(4); umamusume(3); devil_may_cry_(series)(2); devil_may_cry_4(2); fate/grand_order(2)
60,null_(nyanpyoun),3,3,0.9,56970,https://danbooru.donmai.us/artists/56970,anal-aki; anal_aki; null; nyanpyoun; ぬるり; アナルあき,,strike_witches(34); world_witches_series(34)
61,putama,3,3,1.8,218509,https://danbooru.donmai.us/artists/218509,Putama_Lv2; Putama_P; patupa_m; putama8427; ぷ; ぷ玉,,blue_archive(46); senran_kagura(2); comiket_104(1); oshiro_project:re(1); comiket_102(1)
62,qiandaiyiyu,3,3,1.0,234770,https://danbooru.donmai.us/artists/234770,Qiandai以宇; qiandailove; 千代以宇,,spy_x_family(9); zenless_zone_zero(8); avatar:_aang_the_last_airbender(3); avatar_legends(3); blue_archive(1)
63,spoiledmuffin,3,3,0.6,289139,https://danbooru.donmai.us/artists/289139,6rgwFx78fXpJtqr; user_kkdd4258,,jujutsu_kaisen(6); half-life_(series)(3); half-life_1(2); yokubou_pandora(2); deadlock_(game)(2)
64,sutochan,3,3,1.7,205322,https://danbooru.donmai.us/artists/205322,iamsuto; kento1102; oidns; stkn1102; suto; suto_(iamsuto); sutokun; すと; すと君,,bocchi_the_rock!(10); genshin_impact(4); idolmaster(1); idolmaster_shiny_colors(1); blue_archive(1)
65,takanashi_shin,3,3,0.65,312419,https://danbooru.donmai.us/artists/312419,たかなししん; takanashi_shin; shin_takanashi,,lupin_iii(3); kachouya_no_sannin_musume(2); anpanman(2); kaze_no_tani_no_nausicaa(2); dr._slump(2)
66,uo_denim,3,3,1.267,98930,https://danbooru.donmai.us/artists/98930,justicesoul; sakana_denim; sellbitch_suisan; serubicchi_suisan; serubitchi_suisan; uo-denim; uodenim; うおでにむ; セルビッチ水産; 魚デニム,,fate_(series)(33); fate/grand_order(27); fate/extra(10); fate/extra_ccc(4); pornhub(2)
67,yoya_yogurt,3,3,1.1,201615,https://danbooru.donmai.us/artists/201615,Seul_Gi_Shin; yoyayogurt,,goddess_of_victory:_nikke(50); chainsaw_man(1)
68,yuune_(ayanepuna),3,3,1.0,119379,https://danbooru.donmai.us/artists/119379,ayanepuna; thanders_yuu; ゆーね; ゆーね＠３日目東く-33b,,"blue_archive(5); genshin_impact(1); hazure_skill_""kinomi_master"":_skill_no_mi_(tabetara_shinu)_wo_mugen_ni_taberareru_you_ni_natta_ken_ni_tsuite(1)"
69,96yottea,2,2,0.925,300406,https://danbooru.donmai.us/artists/300406,96YOTTEA; cdicedtea; writteninthestars; 黑茶星冰乐,,chainsaw_man(19); haikyuu!!(7); wuthering_waves(4); kusuriya_no_hitorigoto(4); indie_virtual_youtuber(3)
70,ciloranko,2,2,1.05,187397,https://danbooru.donmai.us/artists/187397,kipilus; olfxbkgcui; trnyteal; 宇宙幽灵人; 小纪世界最菜; 幸运观众友人A; 海浪松饼; 海浪松饼TrNyteal; 纪; 纪奈啾; 纪渚良; 纪渚良真的很菜; 纪英俊,,silver_palace(13); girls'_frontline(13); resonance_solstice(4); arknights(3); vocaloid(2)
71,contllenge,2,2,1.15,85479,https://danbooru.donmai.us/artists/85479,neighbor; nicoseiga51118084; otonari; オトナリ; コントレンジ,,jujutsu_kaisen(1); pokemon(1)
72,dishwasher1910,2,2,1.2,120141,https://danbooru.donmai.us/artists/120141,Bakudo_desu; D.I.S.H; DISH; DISH_Dishwasher1910; Dish1910; Dishwasher1910; Dishwasher1911; bach_do; bachdo211; dishwasherultimate1910,,goddess_of_victory:_nikke(28); azur_lane(6); blue_archive(3); resident_evil(2); vocaloid(2)
73,dryegen,2,2,1.8,298708,https://danbooru.donmai.us/artists/298708,D'Ryegen; Dryegen; Dryegen046,,arknights(28); arknights:_endfield(11); chivalry_starved(3); goddess_of_victory:_nikke(3); fate/grand_order(2)
74,gebijiade_89,2,2,0.7,121917,https://danbooru.donmai.us/artists/121917,89; 89898989; 89DOMO; 89_(ning); 89くく; NinnG1017; SB898989; atninee; doudoude89; eight9; yoyo2doggness; 八九鼓风机; 八级小诳风; 天神众支支八; 失张89; 隔壁家的89; 수,,meitantei_conan(3); adventure_time(2); slay_the_spire(1); slay_the_spire_2(1); reverend_insanity(1)
75,godiva_ghoul,2,2,0.85,314617,https://danbooru.donmai.us/artists/314617,GodivaGhoul; Good_Godiva_Ghoul; 𝕲𝖔𝖉𝖎𝖛𝖆_𝕲𝖍𝖔𝖚𝖑,,
76,haguhagu_(rinjuu_circus),2,2,0.6,58341,https://danbooru.donmai.us/artists/58341,dwayne_(wadk); hagoo; hagu_hagu; haguhagu; lovehug_sasha; phobia_complex; raymond_felton_(flipped); rinjyu_circus; uoʇlǝɟ_puoɯʎɐɹ; uoʇlゑɟ_puoɯʎoɹゑ; wadk; どうぇいん。; はぐはぐ; はぐはぐ:underage:; フォビアコンプレックス; 臨終サーカス,,sasha-chan_to_classmate_otaku-kun(4); nijisanji(2)
77,hanabushi,2,2,1.5,200164,https://danbooru.donmai.us/artists/200164,はなぶし; はな武士; 渡邊巧大; 渡邊功大,,kung-fu-piggy(24); zutto_mayonaka_de_ii_no_ni(22); obenkyou_shitoiteyo(11); kuraku_kuroku_(zutomayo)(7); uso_janai_(zutomayo)(7)
78,handplug,2,2,1.35,163564,https://danbooru.donmai.us/artists/163564,HandPlug; fullforcefoward; jmh5692; フルフォースフォワード,,hololive(32); hololive_english(9); blue_archive(4); hololive_dev_is(4); persona(2)
79,hintobento,2,2,1.25,378249,https://danbooru.donmai.us/artists/378249,hinto; ihiuhiuhiuhiu,,zenless_zone_zero(17); goddess_of_victory:_nikke(11); mario_(series)(4); indie_virtual_youtuber(3); dispatch(3)
80,horikou,2,2,1.35,58229,https://danbooru.donmai.us/artists/58229,horikooooou; horikou_(horinchi); horikouhorikou; horinchi; i7cwif2q; okth-group; okth-gruop; u_yuan_t; ほりこう; ほりんち; オックスグループ; 梅谷つちのこ; 絢正舎,,yurucamp(22); mono_(afro)(6); sekai_no_do-hentai_juu_zukan(2); anpanman(1); umamusume(1)
81,komugiko_2000,2,2,2.45,188380,https://danbooru.donmai.us/artists/188380,komugiko2000; こむぎこ2000,,zutto_mayonaka_de_ii_no_ni(10); kira_killer_(zutomayo)(8); kangurei_(zutomayo)(3); yoku_moku(3); dandadan(2)
82,kurosteel_ds,2,2,1.0,191974,https://danbooru.donmai.us/artists/191974,クロハガネ,,blue_archive(42); elden_ring(2); idolmaster(2); idolmaster_shiny_colors(2); pokemon(1)
83,kyoeikyoei52906,2,2,0.7,406913,https://danbooru.donmai.us/artists/406913,kyoei-kyoei; 巨影,,arknights(43); arknights:_endfield(2); blue_archive(2); indie_virtual_youtuber(2); phantasy_star(1)
84,maki_keigo,2,2,2.0,154400,https://danbooru.donmai.us/artists/154400,chouonsoku-jiisan; katsuragi_(nankatobidesou); nankatobidesou; 真木蛍五; 葛城,,ensemble_stars!(23); nijisanji(5); arknights(3); kawaii_dake_ja_nai_shikimori-san(3); hunter_x_hunter(3)
85,miito_(meeeeton333),2,2,2.5,209404,https://danbooru.donmai.us/artists/209404,meeeeton333; みーと,,azur_lane(1); overlord_(maruyama)(1); arknights(1); hololive(1); idolmaster(1)
86,mika_pikazo,2,2,1.05,104343,https://danbooru.donmai.us/artists/104343,MikaPikazo_MPZ; igix; ミカ_ピカゾ,,hololive(11); monogatari_(series)(9); bakemonogatari(5); hololive_english(4); needy_girl_overdose(3)
87,misaka_12003-gou,2,2,0.6,68126,https://danbooru.donmai.us/artists/68126,misaka12003; misako12003; 御坂12003; 御坂12003@c1☆ぬ04a; 御坂12003号@comic1☆14ぬ04a,,wuthering_waves(13); honkai_(series)(11); honkai:_star_rail(10); blue_archive(6); fate_(series)(5)
88,momokumo,2,2,1.45,34846,https://danbooru.donmai.us/artists/34846,Salfish_Laboratory; cloud7053; cloud7054; iv6klsn6; ki_momokumo; kimomokumo; momokumo_; natu-kanade; richard; richard_viii; richardottavo; se_rurabo; selfishlaboratory; selrabo; serurabo; user_zpza8473; xHk5aIGW52A; りちゃーど8.5; セ_ルラボ; セルラボ; リチャードⅷ世; 桃クモ; 桃雲; 樹_桃クモ,,love_live!(6); love_live!_sunshine!!(3); love_live!_superstar!!(3); real_life(2); comiket_102(2)
89,nai_ga,2,1,2.5,241571,https://danbooru.donmai.us/artists/241571,naiga12,,limbus_company(44); project_moon(44); lobotomy_corporation(4); library_of_ruina(4); blue_archive(2)
90,niichi_(komorebi-palette),2,2,1.15,44280,https://danbooru.donmai.us/artists/44280,komorebi_palette; komorebi_pallet; mikkii; mikkii_(webtrek); niichi; niichi021; niichi_(komorebi_palette); niichi_(komorebi_pallet); niichi_(sunpallet); sunpallet; webtrek; うたた寝ぱれっと; かすたぁどけぇき♪; にいち; のーぷろぶれむ。; みっきー; 二一; 木漏れ陽ぱれっと; 니치; ２号,,real_mo_tama_ni_wa_uso_wo_tsuku(40); comiket_102(2); comiket_106(1); gochuumon_wa_usagi_desu_ka?(1); hololive(1)
91,norakura_(nr_kura),2,2,0.75,123569,https://danbooru.donmai.us/artists/123569,norakura; norakura_(vivit); norakura_eki; nr_kura; vivit; のらくら; のらくら液; らくらの,,kantai_collection(10)
92,oda_non,2,2,1.45,19472,https://danbooru.donmai.us/artists/19472,odanon; odanondesu; rokurou; おだのん; 織田non; 虎ぼるた,,digimon(1); one_piece(1); fate/extra(1); fate/extra_ccc(1); fate/grand_order(1)
93,ouchi_kaeru,2,2,1.2,210302,https://danbooru.donmai.us/artists/210302,GoHome_kun; Inonaka_Kawazu; inonaka_ouchi; kawazuchanR18; watariganikun; おうちかえる; 御家; 御家かえる🐸胃ノ中かわず,,koi_to_senrigan_to_aonisai(1)
94,pigeon666,2,2,1.1,105278,https://danbooru.donmai.us/artists/105278,666pigeon; 82pigeon; Angry82pigeon; Sclass_body; pigeon; 닌탱대왕; 송버거; 🌵82pigeon🌵,,splatoon_(series)(5); steven_universe(3); gundam(3); gundam_suisei_no_majo(3); splatoon_2(2)
95,porinki,2,2,1.85,419756,https://danbooru.donmai.us/artists/419756,poripori3123; ぽりんき,,bang_dream!(49); bang_dream!_it's_mygo!!!!!(49); pokemon(1); pokemon_legends:_z-a(1)
96,rei_(sanbonzakura),2,2,0.95,39574,https://danbooru.donmai.us/artists/39574,coralstone; pcproduction; rei17; rei_17; rei子; rui; sanbonzakura; tofuko; トフ子; 咒; 咒.rei; 掉掉; 理查; 理查不接稿不接广告; 理查理查; 老累; 郑睿; 零; 雷母,,song_of_time(18); touhou(7); tamaonsen(5); jojo_no_kimyou_na_bouken(3); stardust_crusaders(3)
97,shiokonbu,2,2,1.5,37435,https://danbooru.donmai.us/artists/37435,8622bnc681; siokonbu_; uni_sio; しおこんぶ,,nonohara_yuka_no_himitsu_no_haishin(16); idolmaster(5); idolmaster_shiny_colors(5); indie_virtual_youtuber(3); choukou_(alicesoft)(3)
98,shiroi_yoru,2,2,2.1,256344,https://danbooru.donmai.us/artists/256344,ayuki_(26659796); ayuki_123; shiroiyoru0247_,,hololive(50)
99,suga_hideo,2,2,1.85,12870,https://danbooru.donmai.us/artists/12870,hideo; maa-kun; negativelove; sugahideo_mk2; tomatika; ひでお; まーくん; スガヒデオ; ビューティーラヴ,,fate/grand_order(2); fate_(series)(2); gundam(1); gundam_gquuuuuux(1); melonbooks(1)
100,taaru_(taru),2,2,0.75,163446,https://danbooru.donmai.us/artists/163446,(taru); niconicotin; taaru; タル; タール; （タル）,,voiceroid(13); touhou(8); pokemon(4); voicevox(3); vocaloid(3)
101,teshima_nari,2,2,1.05,121793,https://danbooru.donmai.us/artists/121793,09181723; 17meisai23; TetoriRina; _17meisai23; daifuku5656; nari.nari; nari.teshima.2721; nari_(daifuku5656); nari。; なり。; 手島nari; 手島nari。; 手鳥りな,,girls_band_cry(42); synthesizer_v(4); yoru_no_kurage_wa_oyogenai(2); arknights(1); arknights:_endfield(1)
102,torino_aqua,2,2,1.7,48560,https://danbooru.donmai.us/artists/48560,TA; torino; torino_akua; とりの; とりのあくあ,,genshin_impact(25); zenless_zone_zero(13); honkai:_star_rail(10); honkai_(series)(10); cho_kaguya-hime!(3)
103,wengwengchim,2,2,1.45,225918,https://danbooru.donmai.us/artists/225918,凱汀; 凱汀ZERO,,boku_no_hero_academia(8); love_and_deepspace(8); chainsaw_man(7); jujutsu_kaisen(7); arcane:_league_of_legends(3)
104,yoneyama_mai,2,2,0.925,67359,https://danbooru.donmai.us/artists/67359,MaiYoneyama; emomo; enoy; iamayenoy; yone; yoneyamai; よね; よねやまい; よねやままい; 米山舞; 𝗦𝗦𝗦,,fate/grand_order(8); fate_(series)(8); kamitsubaki_studio(5); sinsekai_record(5); vocaloid(4)
105,zero_q_0q,2,2,1.5,158882,https://danbooru.donmai.us/artists/158882,0q; Zeroq_0Q; 영큐,,haikyuu!!(12); garbage_time(8); real_life(7); aespa(5); slam_dunk_(series)(4)
106,adpx,1,1,0.8,233963,https://danbooru.donmai.us/artists/233963,ADDDDDDDDDDDDPX; ADPX_RESUIT,,voiceroid(30); vocaloid(8); nichijou(3); shoujo_shuumatsu_ryokou(2); a.i._voice(1)
107,aduare,1,1,2.5,205301,https://danbooru.donmai.us/artists/205301,aduare_mi; aduare_rp; 微明,,genshin_impact(27); blue_archive(6); arknights(5); hololive(3); hololive_english(3)
108,ahiru_tokotoko,1,1,0.8,241590,https://danbooru.donmai.us/artists/241590,MaHiRu; あひる,,touhou(37); indie_virtual_youtuber(3); bang_dream!(2); bocchi_the_rock!(1); magical_mirai_(vocaloid)(1)
109,ainy,1,1,1.5,57444,https://danbooru.donmai.us/artists/57444,aini; あいに; skylight_bird; ainy_blue; qnapool; ainy_(skylight_bird); 아이니; ainy_(blue); ainy120,,indie_virtual_youtuber(18); touhou(11); vreverie(3); blue_archive(2); touhou_gensou_eclipse(1)
110,aiue_oka,1,1,0.85,114639,https://danbooru.donmai.us/artists/114639,AiueOkaWaon; aiue_etizenn; aiueoka50on; waon; 愛上陸; 愛上陸/waon; 愛上陸/越前; 越前,,yumemiru_otome(11); saimin_seishidou(10); saimin_seishidou_-secret_lesson-(5); comiket_103(4); sousou_no_frieren(4)
111,akiyama_enma,1,1,0.4,99308,https://danbooru.donmai.us/artists/99308,ONIGIRI; akiyama; akiyamabc; akiyamachan; mushikerakun; あきやま; あきやまえんま; むしけら,,noa-senpai_wa_tomodachi.(13); tezuka's_star_system(5); kimi_ni_koisuru_satsujinki(5); needy_girl_overdose(4); black_jack_(series)(3)
112,albino_(a1b1n0623),1,1,1.0,140198,https://danbooru.donmai.us/artists/140198,アルビノ; a1b1n0623; akiyo623; jnwfwfcqmxr3wt1; albino; 色素; shikiso; iro2019; shikiso.iro,,fate_(series)(27); fate/grand_order(26); indie_virtual_youtuber(3); hazbin_hotel(3); hellaverse(3)
113,ama_mitsuki,1,1,1.0,21447,https://danbooru.donmai.us/artists/21447,aienkien; aienkien777; amamitsuki; amamitsuki12; kukanzero; 天三月,,uchi_no_hime-sama_ga_ichiban_kawaii(7); vocaloid(2)
114,aoki_(fumomo),1,1,1.5,16399,https://danbooru.donmai.us/artists/16399,aoao1116; aodaifuku; aoki; aoki6311; aoki_(aodaifuku); aoki_(fugu_mochi_tsuku); fumomo; fumomo63; fumomo_; fumomoblog; nikumaman; rou_bao; tcgrom; ふもも; ぼくはロム; フグ餅つく; 肉包; 蒼大福; 蒼樹; 아오키; 후모모; ２号,,osomatsu-san(26); osomatsu_(series)(26); pokemon(6); pokemon_tcg(6); mob_psycho_100(6)
115,arang_(arang0220),1,1,1.2,288379,https://danbooru.donmai.us/artists/288379,Arang0220; 🔰아랑アラン🔰,,blue_archive(7); zenless_zone_zero(4); indie_virtual_youtuber(2); meechu(1); atelier_live(1)
116,arisaka_ako,1,1,1.9,29875,https://danbooru.donmai.us/artists/29875,s0y1y0rc; stem04; stigma_a; あこさか; ありさか; 有坂; 有坂あこ,,nijisanji(9); nijisanji_en(7); light_again(3); holostars(2); witch_seed(2)
117,artelsia,1,1,0.7,342704,https://danbooru.donmai.us/artists/342704,Artelsia_💫,,elden_ring(16); nier_(series)(14); nier:automata(13); the_witcher_(series)(6); chainsaw_man(6)
118,ask_(askzy),1,1,1.5,51450,https://danbooru.donmai.us/artists/51450,-Ask--; ask; askzy9464; asukaziye,,arknights(23); fate_(series)(6); honkai:_star_rail(5); honkai_(series)(5); fate/grand_order(5)
119,au_(d_elete),1,1,2.3,173783,https://danbooru.donmai.us/artists/173783,AU; AU-delete; D__elete; au_(d_elite); delete_au; あう,,fate_(series)(19); fate/grand_order(18); touken_ranbu(14); nijisanji(4); nitroplus(1)
120,bacius,1,1,1.75,124076,https://danbooru.donmai.us/artists/124076,bacius9; bashiusu; samerupa; さめるぱ; バシウス,,umamusume(43); comiket_106(8); blue_archive(2); kantai_collection(2); monster_hunter_(series)(2)
121,benevole,1,1,0.65,260387,https://danbooru.donmai.us/artists/260387,awaremi; benevolels; benevolepwd; べねぼれ,,shuuniichido_classmate_wo_kau_hanashi(3); bang_dream!(2); bang_dream!_it's_mygo!!!!!(2); swap_swap(1); dengeki_moeoh(1)
122,blue_gk,1,1,0.5,121958,https://danbooru.donmai.us/artists/121958,Blue_Gk; blue_gaki; blue_gk0321; blue_gk0321_; blue_gk@書店委託中,,vocaloid(3); fate/grand_order(2); fate_(series)(2); nijisanji(2); blue_archive(2)
123,bm94199,1,1,1.6,245011,https://danbooru.donmai.us/artists/245011,BM; BM94199; bm94199241,,real_life(4); i-dle(1); afk_(series)(1); afk_journey(1)
124,chan_co,1,1,1.5,9362,https://danbooru.donmai.us/artists/9362,チャンコ; chan×co; chanxco; insidebox; chanco,,houseki_no_kuni(18); idolmaster(14); idolmaster_(classic)(14); katamari_damacy(14); namco(14)
125,cola_gotouryouta,1,1,1.1,75762,https://danbooru.donmai.us/artists/75762,cola_(gotouryouta),,
126,dfm_(darknessdfm),1,1,1.5,304087,https://danbooru.donmai.us/artists/304087,darknessdfm; 𝐃𝐅𝐌; 𝐃𝐚𝐫𝐤_𝐅𝐥𝐚𝐦𝐞_𝐌𝐚𝐬𝐭𝐞𝐫,,goddess_of_victory:_nikke(47); blue_archive(2); cast_away(2); chainsaw_man(1); dave_the_diver(1)
127,disorder!,1,1,1.05,158619,https://danbooru.donmai.us/artists/158619,disorder!［sub-account］; disorder_fd; disorder_rape; myon0829,,metal_slug(4); metal_slug_attack(4); azur_lane(1)
128,doppel_(bonnypir),1,1,1.5,144530,https://danbooru.donmai.us/artists/144530,bonnypir,,vocaloid(6); blue_archive(3); zenless_zone_zero(3); elden_ring(2); elden_ring_nightreign(2)
129,duoyuanjun,1,1,1.6,114665,https://danbooru.donmai.us/artists/114665,atolc; morearea; pyyjeffrey; 多元菌; 菌,,girls'_frontline(38); arknights(5); little_armory(3); tomy_company_ltd.(3); bloodborne(2)
130,fernanda_suarez,1,1,0.5,248502,https://danbooru.donmai.us/artists/248502,fdasuarez; fdasuarezart; fernanda; fernandasuarez; fernandasuarezv,,darkstalkers(7); star_wars(1); pocahontas_(movie)(1); mulan_(movie)(1); tangled(1)
131,fujimoto_tatsuki,1,1,2.5,270744,https://danbooru.donmai.us/artists/270744,藤本タツキ; 長山小春,,chainsaw_man(27); fire_punch(10); cho_kaguya-hime!(2); yogen_no_nayuta(2); sayonara_eri(2)
132,fungi542,1,1,0.5,296552,https://danbooru.donmai.us/artists/296552,Fungi; Fungi/パンゴム; Fungi_542; gompang_11; ricebug_1821; カビ; 밥벌레; 팡곰,,zenless_zone_zero(7); arknights(4); blue_archive(3); azur_lane(2); trickcal(2)
133,goguma_wagamja,1,1,2.0,354157,https://danbooru.donmai.us/artists/354157,🥔,,persona(15); persona_4(14); pokemon(9); mahou_shoujo_madoka_magica(5); a.i._voice(5)
134,halcon,1,1,1.2,75852,https://danbooru.donmai.us/artists/75852,ere_siaru; halcon_matsumoto; halconnen2; harukon; harukon_matsumoto; huckebein!; ore_halcon; はこね; はるこん; はるこん・ザ・グレート; ほっけばいん！; めがとんおーはるこん; ハルコン松本,,last_origin(8); comiket_107(3); gundam(3); brown_dust_(series)(2); brown_dust_2(2)
135,hayakawa_akari,1,1,1.15,98188,https://danbooru.donmai.us/artists/98188,akari_hayakawa; 早川あかり,,kantai_collection(29); comiket_105(4); comiket_107(1); comiket_104(1); comiket_102(1)
136,henken,1,1,1.1,121248,https://danbooru.donmai.us/artists/121248,henken_second; henken-second,,zenless_zone_zero(4); indie_virtual_youtuber(3); final_fantasy(1); final_fantasy_xiv(1); fate/grand_order(1)
137,hito_komoru,1,1,1.1,162326,https://danbooru.donmai.us/artists/162326,hikihito; hitoimim; hitoimoimo; ヒトこもる,,indie_virtual_youtuber(2); touhou(1); kamitsubaki_studio(1)
138,huanxiang_heitu,1,1,1.0,86305,https://danbooru.donmai.us/artists/86305,549931510; coneyrivard; gensou_kuro_usagi; 幻想黑兔; 幻象黑兔,,arknights(47); love_live!(2); love_live!_sunshine!!(2); battleship_girl(1); arknights:_endfield(1)
139,huhi_(huhi_1211),1,1,1.2,230610,https://danbooru.donmai.us/artists/230610,GNns; huhi; huhi01; huhi_1211; wh0o0o12; wh0oo; ㅎㅎ후; 후히이,,stellive(32); goddess_of_victory:_nikke(3); bunny_girl_(akasaki)(3); black_survival(2); eternal_return:_black_survival(2)
140,hxxg,1,1,0.8,87265,https://danbooru.donmai.us/artists/87265,chen1986; cheon1986; cheon_jae_hong; hong; hxxg_/_ホン; ホン/_hxxg,,hololive(18); pokemon(6); fate/grand_order(4); fate_(series)(4); zenless_zone_zero(3)
141,ikemeru19,1,1,3.0,114400,https://danbooru.donmai.us/artists/114400,19_(adamhutt); adamhutt; adamhutt416; ikemeru; nine19teen19; shijiu; shijiu_(adamhutt); 【十九】; いけめる; 十☆九; 十九,,pokemon(5); pokemon_legends:_z-a(4); sousou_no_frieren(3); zenless_zone_zero(2); project_sekai(1)
142,ikeuchi_tanuma,1,1,1.2,77913,https://danbooru.donmai.us/artists/77913,gyabaw; pretz; tanuma; tanuma-tyny; tanumaputtsu; tnm_sb; tnm_tyny; tynytnm; ytnm_tyny; たぬま; たぬまぷっつ; プリッツ; 池内たぬま; 闇のたぬま; 雑田,,kantai_collection(5); girls'_frontline(2); mahjong_soul(2); zenless_zone_zero(2)
143,iwawa,1,1,0.7,223995,https://danbooru.donmai.us/artists/223995,イワワ; iwawa_iwawo; iwawa__iwawo; iwawa_iwawa; iwawa__iwawa,,project_sekai(21); idolmaster(18); idolmaster_shiny_colors(12); pokemon(3); gakuen_idolmaster(3)
144,jagercoke,1,1,0.9,139404,https://danbooru.donmai.us/artists/139404,glorfindel; yong_jun_park,,mabinogi(27); mabinogi_heroes(27); blue_archive(3); lost_ark(3); black_survival(3)
145,jp06,1,1,0.6,123572,https://danbooru.donmai.us/artists/123572,jp; jpmaruroku; maguro_mayonnaise,,idolmaster(46); idolmaster_shiny_colors(42); idolmaster_cinderella_girls(3); idolmaster_cinderella_girls_starlight_stage(2); comiket_101(2)
146,jp06_(orangemaru),1,1,1.2,,,,,
147,junsuina_fujunbutsu,1,1,3.0,144097,https://danbooru.donmai.us/artists/144097,Pure_Impurities; parang9494; parnag9494; 純粋な不純物; 純粋な不純物/순수한불순물; 純粋な不純物@순수한불순물,,blue_archive(41); wuthering_waves(6); arknights(1); princess_connect!(1)
148,k3nnyn3v,1,1,0.4,210327,https://danbooru.donmai.us/artists/210327,,,project_moon(30); limbus_company(26); league_of_legends(6); library_of_ruina(3); nier_(series)(3)
149,kanden_sky,1,1,0.9,77923,https://danbooru.donmai.us/artists/77923,7.1m_scoville; 710万スコビル; HBCZ; Kanden_sky; ayasuke86; buriberu; enukawa_kouichi; fusions; fz-electric-shock; hmt_(kandensuki); horn_of_the_cat; ikeru_shikabane_(enukawa); kanden; kanden-fusionz; kanden_suki; kandensky; kandensuki; kdsky; ko1_nkawa; kubizumo-hiza; n-kawa_koichi; n-kawa_kouichi; nakamura_ayasuke; nanashi; nanashino; nanashino_gombe; neko_no_tsuno; rn3412; wenukawa; wenukawa_kouichi; えぬ川こういち; かんでん; かんでんすき; ねこのツノ; ナナシ; ハイパーバトルチンパンジー; フュージョンズ; ブリベル; ヱヌ川; ヱヌ川@6/28ヨコハマ民族音楽会; ヱヌ川こういち; 七篠; 中邑あやすけ; 太郎の怒り; 感電好き; 感電数寄; 猫の角; 生ける屍,,kantai_collection(9); comiket_107(3); 2.5_jigen_no_ririsa(2); gundam(2); gundam_gquuuuuux(2)
150,kedama_milk,1,1,1.4,28307,https://danbooru.donmai.us/artists/28307,dreamim; dreamim1; kdm; kedama_gyuunyuu; kedamaa; kedamo; tama_no_kedama; tamano_kedama; tamanoke; tamanoke_tarou; けだま; たまのけだま; たまの毛太郎; 毛; 玉之けだま; 玉之けだま🔞🎄,,boku_wa_chiisana_succubus_no_shimobe(6); zenbu_kimi_no_sei_da(2); voisona(1); touhou(1); touhou_cannonball(1)
151,kiriyama_taichi,1,1,0.4,8008,https://danbooru.donmai.us/artists/8008,sirius.; キリヤマ太一,,aa_megami-sama(12); sweet_home(9); sumeragi_ryouko_no_bitch_na_1_nichi(9); sexfriend(7); dead_or_alive(4)
152,kokemomo_(makesound),1,1,1.2,240799,https://danbooru.donmai.us/artists/240799,lingonberry67; makesound; こけもも,,hololive(49); hololive_dev_is(9); hololive_english(6)
153,koutate,1,1,0.8,212928,https://danbooru.donmai.us/artists/212928,kou_tate; koukoutatetate; 甲たて,,nijisanji(42); gakuen_idolmaster(3); idolmaster(3); noripro(1); nijisanji_gta(1)
154,krystopher_decker,1,1,0.35,136325,https://danbooru.donmai.us/artists/136325,krys_decker; krysdecker,,dc_comics(3); cyberpunk_(series)(3); marvel(3); dispatch(2); stellar_blade(2)
155,kuook,1,1,0.7,257430,https://danbooru.donmai.us/artists/257430,B.sa; Bbbs; B·sa; b.sa_(bbbs); beisa-int; spooodxxx; 怅夜骨髓; 熊,,douluo_dalu(32); genshin_impact(6); a-soul(3); indie_virtual_youtuber(3); zenless_zone_zero(2)
156,lal!role,1,1,1.1,158140,https://danbooru.donmai.us/artists/158140,LALIROLE; lalil-le; laxxxli; らりろーる,,arknights(29); azur_lane(11); hololive(6); arknights:_endfield(5); ambience_synesthesia(4)
157,liduke,1,1,1.5,49643,https://danbooru.donmai.us/artists/49643,li_duke; 日子; 麻痹的小日子,,arknights(44); arknights:_endfield(31); kingsman:_the_secret_service(2); persona(1); persona_4(1)
158,liu2e3ing,1,1,1.2,331729,https://danbooru.donmai.us/artists/331729,Zim,,chainsaw_man(14); shingeki_no_kyojin(4); real_life(1); re:zero_kara_hajimeru_isekai_seikatsu(1); marvel(1)
159,lunch(shin_new),1,1,1.3,4589,https://danbooru.donmai.us/artists/4589,lunch_(lunch3); shin_new; らんち; 新入部員,,blue_archive(46); bunny_garden(4)
160,mabius,1,1,2.5,16972,https://danbooru.donmai.us/artists/16972,kiakiaki,,dragon_quest(1); dragon_quest_iii(1); shantae_(series)(1); athena_(series)(1); dc_comics(1)
161,mejikara_scene,1,1,0.8,194681,https://danbooru.donmai.us/artists/194681,Hanpatsu_Zokusei; hanpatsu; mejikaliner; メジカラシーン; 反発属性,,
162,mikoyan,1,1,1.5,61354,https://danbooru.donmai.us/artists/61354,mig21mf; mikoyan-f; mikoyan_(mig21mf); mikoyanan; mikoyanartworks; みこやん; みこやん🔞,,boku_no_hero_academia(12); mushoku_tensei(10); hataraku_saibou(8); hataraku_saibou_black(6); guilty_gear(3)
163,mimonel,1,1,1.5,12502,https://danbooru.donmai.us/artists/12502,ミモネル,,zenless_zone_zero(12); granblue_fantasy(7); shinrabanshou(3); sousou_no_frieren(2); blue_archive(2)
164,minaba_hideo,1,1,1.5,118314,https://danbooru.donmai.us/artists/118314,皆葉英夫; みなばひでお; 皆叶英夫,,granblue_fantasy(50); shingeki_no_bahamut(2)
165,mossacannibalis,1,1,0.8,190670,https://danbooru.donmai.us/artists/190670,Cannibalism; mossa; mossacannibalism; synthegal,,warhammer_40k(10); five_nights_at_freddy's(6); warcraft(4); five_nights_at_freddy's_2(4); warhammer_fantasy(3)
166,myabit,1,1,1.85,202566,https://danbooru.donmai.us/artists/202566,orgargj; tk2hes; tokkihouse,,goddess_of_victory:_nikke(8); wuthering_waves(4); stellive(2)
167,nakta,1,1,2.0,136690,https://danbooru.donmai.us/artists/136690,kung.kim2; kungkim2; nakta(낙타); nakta(낙타)fanbox개설; nakta_came,,you're_under_my_skin!(37); monogatari_(series)(4); bakemonogatari(3); blue_archive(3); idolmaster(2)
168,namori,1,1,2.5,4999,https://danbooru.donmai.us/artists/4999,_namori_; elegy_syndrome; icvxxb; なもり,,yuruyuri(42); oomuro-ke(7); sanrio(6); little_twin_stars(2); fuwa_fuwa_cinnamoroll(2)
169,nico-tine,1,1,1.5,227405,https://danbooru.donmai.us/artists/227405,Nico-Tine; fickyyyy55; SensitiveSakana,,heaven_burns_red(2); anemoi(1); vocaloid(1); angel_beats!(1); key_(company)(1)
170,nixeu,1,1,0.6,195260,https://danbooru.donmai.us/artists/195260,4gasshi; AcidFlare__; I_o_m_a_y_a; Io; Iomaya; IomayaAF; Iomaya_AcidFlare; MICA; NIXEU; N_I_X_E_U; Nixeu2.0; NixeuArt; _CallmeMai; _E_O_S; _N_Y_X_E; aluna; aluna_choco; aluna_mian; ezis_0; fobisck; haehaeae; ioshimaya; maymay~; micav1; n.i.x.e.u; nixeu5855; nixeuu; shymaidesu; yizuls,,indie_virtual_youtuber(18); sousou_no_frieren(8); vocaloid(4); genshin_impact(4); league_of_legends(3)
171,nogiwa_kaede,1,1,3.0,131295,https://danbooru.donmai.us/artists/131295,野際かえで,,maigo_ni_natte_kaerenai(32); blue_archive(13); comic_lo(1); genshin_impact(1); gakuen_idolmaster(1)
172,obui,1,1,0.8,27796,https://danbooru.donmai.us/artists/27796,vantmic; おぶい,,taimanin_(series)(25); taimanin_rpgx(21); paihame_family(10); granblue_fantasy(6); comiket_102(5)
173,oohiro_rin,1,1,2.35,64463,https://danbooru.donmai.us/artists/64463,oohirorin; rin0414; おおひろりん,,marvel(6); fantastic_four(5); street_fighter(3); street_fighter_6(3); the_fantastic_four:_first_steps(2)
174,oopartz_yang,1,1,1.2,104908,https://danbooru.donmai.us/artists/104908,grooooovy; oopartz; oopartz's_art; oopartzy; ted08191,,hololive(36); hololive_english(36); little_witch_nobeta(13); mumei_(song)_(hololive)(3); hollow_knight(2)
175,op_na_yarou,1,1,1.5,114090,https://danbooru.donmai.us/artists/114090,op_na_dayo; opuuna; おぷ; おぷぅな; おぷーナ; オプーな,,nijisanji(11); nijisanji_kr(1); pokemon(1); vocaloid(1); indie_virtual_youtuber(1)
176,otu_(o2h2_oh4),1,1,1.5,297917,https://danbooru.donmai.us/artists/297917,Oxygen0826; o2h2_oh4; o2h2oh4; superookie45@naver.com; user_uvpe3335; 오투,,zenless_zone_zero(42); pragmata(4); utau(1); vocaloid(1); arknights(1)
177,parsley-f,1,1,1.4,27785,https://danbooru.donmai.us/artists/27785,parsley_f; paseri_(s_f_nov17); paseri_(tennen_suidou-sui); s_f_nov17; パセリ; 天然水道水,,blue_archive(13); nijisanji(4); hololive(4); weather_planet(2); mahjong_soul(1)
178,rerrere,1,1,0.8,90581,https://danbooru.donmai.us/artists/90581,rerrere310; rerrere514; rerrere_(waterdog); waterdog; れっれれ; れっれれ＠3日目西め-42b; れっれれ＠３日目西め-42b; ろーたす,,
179,roborobocap,1,1,0.7,258763,https://danbooru.donmai.us/artists/258763,robocap,,ceo_and_bodyguard(34); league_of_legends(3); genshin_impact(2); dragon_ball(2); dragon_ball_z(2)
180,rororogi_mogera,1,1,1.2,154231,https://danbooru.donmai.us/artists/154231,88wxw88; QxxoooxxQ; ro_ylki; rororo; rororo_mg; rororogi_m; rororogi_mogura; 露々々木もげら,,k-ko_to_yami-oji(7); comic_anthurium(2); jujutsu_kaisen(2)
181,rusellunt,1,1,0.5,212603,https://danbooru.donmai.us/artists/212603,Insact; Insact9704,,
182,sangsoo_jeong,1,1,1.0,153014,https://danbooru.donmai.us/artists/153014,7200ss; Sang_soo_jeong; sangsuji,,league_of_legends(12); freya:_the_starfall(5); chainsaw_man(3); dragon_ball(2); dragon_ball_z(2)
183,sano_yuuto,1,1,3.0,170019,https://danbooru.donmai.us/artists/170019,yuto___sano; 佐乃夕斗,,gokurakugai(37); hunter_x_hunter(3); bleach(2); jujutsu_kaisen(2); jojo_no_kimyou_na_bouken(1)
184,sardine_(kjr0313),1,1,2.85,181993,https://danbooru.donmai.us/artists/181993,kjr0313; sardine,,resident_evil(49); resident_evil_3:_nemesis(14); resident_evil_3_(remake)(14); resident_evil_requiem(11); resident_evil_4(5)
185,sawada_yuusuke,1,1,0.65,61773,https://danbooru.donmai.us/artists/61773,gogo_shichi-ji; sawada_yusuke; yuusuke; ゆ～すけ; サワダユウスケ; サワダ＿ユウスケ; 午後７時,,elsword(21); princess_connect!(13); boku_no_kanojo_wa_ningyohime!?(6); blue_archive(3); kantai_collection(1)
186,seramikku,1,1,1.3,39716,https://danbooru.donmai.us/artists/39716,せらみっく; ceramic; ceramic06; spaceceramic; フぁインセラ,,kawaihara_senpai_wa_kawaii_ga_suki!(32); zenless_zone_zero(4); meitantei_precure!(3); precure(3); nijisanji(2)
187,shexyo,1,1,0.9,204503,https://danbooru.donmai.us/artists/204503,shexyoart,,bleach(10); zenless_zone_zero(7); sousou_no_frieren(6); wuthering_waves(3); one_piece(3)
188,sheya,1,1,1.0,110959,https://danbooru.donmai.us/artists/110959,SheyaKin; _Sheya; kisinsheya; sukuroneko; 希亚,,honkai_(series)(33); honkai:_star_rail(32); genshin_impact(6); honkai_impact_3rd(1)
189,shikarii,1,1,0.9,189381,https://danbooru.donmai.us/artists/189381,5hikarii,,one_piece(6); star_wars(5); overwatch(5); overwatch_1(5); star_wars:_the_bad_batch(4)
190,shinchou_ni_kansuru_kousatsu,1,1,0.85,135670,https://danbooru.donmai.us/artists/135670,HasegawaKana_GR; backfischalter; xi-xii-xiii; zweitestreckung; 伸長に関する考察,,azumanga_daioh(5); expo2025(2); comiket_106(1); comitia_152(1); comiket_104(1)
191,skade,1,1,2.0,12165,https://danbooru.donmai.us/artists/12165,Skade; elonsia; skadel; skadels,,arknights(49); arknights:_endfield(3); rilakkuma_(series)(2); san-x(2); ambience_synesthesia(1)
192,sohn_woohyoung,1,1,0.4,134414,https://danbooru.donmai.us/artists/134414,SKUMA; dqm; tabbto; tabibito; woojoospace; woojoospace150; 旅人; 旅人.; 손우형,,goddess_of_victory:_nikke(7); last_origin(5); hi-fi_rush(4); mario_(series)(3); black_survival(2)
193,specialhanako,1,1,0.6,487590,https://danbooru.donmai.us/artists/487590,ハナコ; SpecialHANAKO,,qix(1); vocaloid(1); ruridragon(1)
194,ssr_(azmr2828),1,1,1.7,334873,https://danbooru.donmai.us/artists/334873,su_su_yun; 素素晕,,azur_lane(45); genshin_impact(3); panty_&_stocking_with_garterbelt(1); astraline(1); blue_archive(1)
195,suzutarou_gunsou,1,1,1.55,142719,https://danbooru.donmai.us/artists/142719,gunsou_spider; h3po4_chiba; ryusan_0518; siroiki; suzutaro_gunsou; suzutaroo_gunsou; suzutarou_gunsou; すずたろー軍曹; 龍さんのフランク軍曹,,blue_archive(49); meitantei_precure!(1); precure(1); spy_x_family(1)
196,tab_head,1,1,1.1,198122,https://danbooru.donmai.us/artists/198122,TAB_OJISAN; aru_tarou; tbhdbnb; タブヘッド,,arknights(50); arknights:_endfield(20)
197,takeda_hiromitsu,1,1,0.5,6649,https://danbooru.donmai.us/artists/6649,pearl_shell; shinjugai; takehiro05; 武田弘光,,juukon_sentai_juusoldier(15); himawari_wa_yoru_ni_saku(15); bakunyuu_party(8); akane_wa_tsumare_somerareru(2); blue_archive(2)
198,takeuchi_ryousuke,1,1,0.3,186685,https://danbooru.donmai.us/artists/186685,ryosuketarou; takeuchi_ryoosuke; タケウチ_リョースケ; タケウチリョースケ,,sousou_no_frieren(9); chainsaw_man(6); street_fighter(6); street_fighter_6(6); golden_kamuy(4)
199,tamitami,1,1,0.8,268573,https://danbooru.donmai.us/artists/268573,tami_(pixiv73026646); tamitami020343; たみ,,fate_(series)(10); fate/grand_order(8); genshin_impact(2); indie_virtual_youtuber(1); lord_el-melloi_ii_case_files(1)
200,tianliang_duohe_fangdongye,1,1,0.6,187048,https://danbooru.donmai.us/artists/187048,Antifreez3; Antifreez3_; Antifreeze3_; user-xq7gi3cp3t; 天凉多喝防冻液; 天凉多喝防冻液(缓更中),,genshin_impact(23); blue_archive(7); girls'_frontline(4); 2022_winter_olympics(3); olympics(3)
201,tokiame,1,1,0.9,4481,https://danbooru.donmai.us/artists/4481,,,touhou(34); sennen_sensou_aigis(9); strange_creators_of_outer_world(3); flower_knight_girl(3); touhou_cannonball(2)
202,umigraphic,1,1,1.3,,,,,
203,wagashi_dagashiya),1,1,0.8,155904,https://danbooru.donmai.us/artists/155904,wagasi; wagasi012; wakako_(wagasiorhugasi); きしわがし; 和菓子; 駄菓子屋(和菓子),,summon_night(8); summon_night_3(8); fire_emblem(8); fire_emblem:_three_houses(8); toradora!(5)
204,waka_(shark_waka),1,1,0.45,157936,https://danbooru.donmai.us/artists/157936,わか,,parasite_eve_(series)(1); parasite_eve_i(1); brave_witches(1); luminous_witches(1); world_witches_series(1)
205,wantan_meo,1,1,0.65,53238,https://danbooru.donmai.us/artists/53238,meo; meo429; meowt; unacasita-meo; xy_o; めお; 坦々めお; 坦々めお:underage:; 雲呑めお,,comic_kairakuten(29); dengeki_moeoh(7)
206,wlop,1,1,0.8,87521,https://danbooru.donmai.us/artists/87521,wang_ling; wlopart; wlopwangling; zydnq5010@gmail.com,,ghostblade(23); cloudinsect(8); elden_ring(2); mononoke_hime(1); monkey_king:_hero_is_back(1)
207,wo_habum,1,1,3.0,243934,https://danbooru.donmai.us/artists/243934,Bumgae_; bumgae; habum1130; 범개; 하범; 하범HABUM,,project_sekai(26); cho_kaguya-hime!(12); toshi_densetsu_kaitai_center(8); grizzly_ni_osowaretara(1); adventure_time(1)
208,xi_xeong,1,1,1.5,193617,https://danbooru.donmai.us/artists/193617,Miseong; XIxeong; aminikki; asaras; saras; user_eurx2748; xixeong2; 씨셩,,goddess_of_victory:_nikke(38); wuthering_waves(3); indie_virtual_youtuber(2); comiket_104(2); zenless_zone_zero(2)
209,yomu_(sgt_epper),1,1,0.4,92725,https://danbooru.donmai.us/artists/92725,sa_ra_na_mi; sgt_epper; tani_(sgt_epper); y_o_m; y_o_m_y_o_m; yom_(sgt_epper); yom_rubbersoul; よむ; よむ書店,,imasara_desu_ga_osananajimi_wo_suki_ni_natte_shimaimashita(32); dead_or_alive(3); dead_or_alive_xtreme(3); dead_or_alive_xtreme_venus_vacation(3); ganbare_douki-chan(2)
210,yukari_(rihenara_doll),1,1,0.8,179514,https://danbooru.donmai.us/artists/179514,rihenara__doll; rihenara_doll; rihenaradoll; yukachubanyukachu; yukari; ◽️ʏᴜᴋᴀʀɪ◽️; ゆかちゅばんゆかちゅ; ゆかり🐼,,honkai:_star_rail(8); honkai_(series)(8); z/x(1); genshin_impact(1); blue_archive(1)
211,zuizi,1,1,0.5,77828,https://danbooru.donmai.us/artists/77828,pokemonzuizui; pokezuizui; zuizui; zui最子; 嘴最最最最; 小最奶糖; 小最软糖; 最子; 最最; 最最@低浮上,,danganronpa_(series)(44); danganronpa_v3:_killing_harmony(44); pokemon(5); pokemon_diamond/pearl/platinum(4); pokemon_legends:_arceus(4)
