분류,표시명,영문 태그
서양 / 카툰,cutesexyrobutts,cutesexyrobutts
서양 / 카툰,dandon fuga,dandon_fuga
서양 / 카툰,personalami,personalami
서양 / 회화풍,agnes cecile,agnes_cecile
서양 / 회화풍,artgerm,artgerm
서양 / 회화풍,bayard wu,bayard_wu
서양 / 회화풍,firolian,firolian
서양 / 회화풍,ilya kuvshinov,ilya_kuvshinov
서양 / 회화풍,krenz cushart,krenz_cushart
서양 / 회화풍,loish,loish
서양 / 회화풍,ross tran,ross_tran
서양 / 회화풍,sakimichan,sakimichan
일본 / 라이트노벨풍,abec,abec
일본 / 라이트노벨풍,akasaai,akasaai
일본 / 라이트노벨풍,buriki,buriki
일본 / 라이트노벨풍,carnelian,carnelian
일본 / 라이트노벨풍,fkey,fkey
일본 / 라이트노벨풍,fkj,fkj
일본 / 라이트노벨풍,gilse,gilse
일본 / 라이트노벨풍,kishida mel,kishida_mel
일본 / 라이트노벨풍,kobuichi,kobuichi
일본 / 라이트노벨풍,maruma,maruma_(maruma_gic)
일본 / 라이트노벨풍,minaba hideo,minaba_hideo
일본 / 라이트노벨풍,misaki kurehito,misaki_kurehito
일본 / 라이트노벨풍,muririn,muririn
일본 / 라이트노벨풍,nagu,nagu
일본 / 라이트노벨풍,namori,namori
일본 / 라이트노벨풍,necomi,necomi
일본 / 라이트노벨풍,suzuhira hiro,suzuhira_hiro
일본 / 라이트노벨풍,tinkle,tinkle
일본 / 라이트노벨풍,tsunako,tsunako
일본 / 라이트노벨풍,yuugen,yuugen_(yuugen_no_ki)
일본 / 모에,akizone,akizone
일본 / 모에,anmi,anmi
일본 / 모에,ariake_orca,ariake_orca
일본 / 모에,atdan,atdan
일본 / 모에,aya shobon,aya_shobon
일본 / 모에,coffee-kizoku,coffee-kizoku
일본 / 모에,ekita_kuro,ekita_kuro
일본 / 모에,fuji choko,fuji_choko
일본 / 모에,fukahire,fukahire_(ruinon)
일본 / 모에,furyou michiru,furyou_michiru
일본 / 모에,fuyuno haruaki,fuyuno_haruaki
일본 / 모에,gomzi,gomzi
일본 / 모에,hanasenrei,hanasenrei
일본 / 모에,hews,hews
일본 / 모에,hoshi san 3,hoshi_san_3
일본 / 모에,kanra,kanra_(kanra-agm)
일본 / 모에,kantoku,kantoku
일본 / 모에,kawanagare,kawanagare_(harenagari)
일본 / 모에,kazenokaze,kazenokaze
일본 / 모에,ke-ta,ke-ta
일본 / 모에,ke9ma6,ke9ma6
일본 / 모에,kekemero,kekemero
일본 / 모에,koh,koh_(minto)
일본 / 모에,koruri,koruri
일본 / 모에,kuro_(toi-et),kuro_(toi-et)
일본 / 모에,kuroduki,kuroduki_(pieat)
일본 / 모에,kuwana shouji,kuwana_shouji
일본 / 모에,maccha_(machamacha),maccha_(machamacha)
일본 / 모에,maccha,maccha_(mochancc)
일본 / 모에,machi,machi_(machi0910)
일본 / 모에,makihitsuji,makihitsuji
일본 / 모에,mignon,mignon_(mignonpot)
일본 / 모에,migolu,migolu
일본 / 모에,mika pikazo,mika_pikazo
일본 / 모에,miv4t,miv4t
일본 / 모에,miyase mahiro,miyase_mahiro
일본 / 모에,mochizuki kei,mochizuki_kei
일본 / 모에,modare,modare
일본 / 모에,mosaaa,mosaaa
일본 / 모에,nagishiro mito,nagishiro_mito
일본 / 모에,namaru,namaru_(summer_dandy)
일본 / 모에,nardack,nardack
일본 / 모에,nyatakawa,nyatakawa
일본 / 모에,onineko,onineko
일본 / 모에,oyari ashito,oyari_ashito
일본 / 모에,raita,raita_(masochi)
일본 / 모에,redjuice,redjuice
일본 / 모에,redrop,redrop
일본 / 모에,refeia,refeia
일본 / 모에,rumoon,rumoon
일본 / 모에,ryusei hashimoto,ryusei_hashimoto
일본 / 모에,s.u.,s.u._(simpleu818)
일본 / 모에,sakimori_(hououbds),sakimori_(hououbds)
일본 / 모에,sasai saji,sasai_saji
일본 / 모에,sayori,sayori
일본 / 모에,scottie,scottie_(phantom2)
일본 / 모에,sho_(sho_lwlw),sho_(sho_lwlw)
일본 / 모에,torino aqua,torino_aqua
일본 / 모에,vannilla,vannilla
일본 / 모에,wanke,wanke
일본 / 모에,yoneyama mai,yoneyama_mai
일본 / 모에,yoshioka pochi,yoshioka_pochi
일본 / 몽환,ariake suzu,ariake_suzu
일본 / 몽환,ciloranko,ciloranko
일본 / 몽환,fuumi,fuumi_(radial_engine)
일본 / 몽환,ningen mame,ningen_mame
일본 / 몽환,rella,rella
일본 / 몽환,terras,terras
일본 / 클래식,fujishima kousuke,fujishima_kousuke
일본 / 클래식,horibe hiderou,horibe_hiderou
일본 / 클래식,matsubara hidenori,matsubara_hidenori
일본 / 클래식,morita kazuaki,morita_kazuaki
일본 / 클래식,saigado,saigado
일본 / 클래식,takeuchi takashi,takeuchi_takashi
일본 / 클래식,yoshiten,yoshiten
일본 / 클래식,yui toshiki,yui_toshiki
일본 / 회화풍,akabane,akabane_(kabanu)
일본 / 회화풍,ohara tometa,ohara_tometa
일본 / 회화풍,oz,oz_(akakura)
중국 / 애니풍,askzy,ask_(askzy)
중국 / 애니풍,dishwasher1910,dishwasher1910
중국 / 애니풍,qiandaiyiyu,qiandaiyiyu
중국 / 애니풍,tianliang duohe fangdongye,tianliang_duohe_fangdongye
중국 / 회화풍,guweiz,guweiz
중국 / 회화풍,wlop,wlop
중국 / 회화풍,zhibuji loom,zhibuji_loom
중국 / 회화풍,zounose,zounose
판타지 / 일러스트,ayasal,ayasal
판타지 / 일러스트,dr_graevling,dr_graevling
판타지 / 일러스트,nixeu,nixeu
한국 / 애니풍,as109,as109
한국 / 애니풍,bumcha,bumcha
한국 / 애니풍,dduck kong,dduck_kong
한국 / 애니풍,dfm,dfm_(darknessdfm)
한국 / 애니풍,dore,dore_(gilles_dore)
한국 / 애니풍,dramz,dramz
한국 / 애니풍,drunkoak,drunkoak
한국 / 애니풍,goli matsumoto,goli_matsumoto
한국 / 애니풍,himura kiseki,himura_kiseki
한국 / 애니풍,hyulla,hyulla
한국 / 애니풍,joo sung kang,joo_sung_kang
한국 / 애니풍,k.pumpkin,k.pumpkin
한국 / 애니풍,keto cactus,keto_cactus
한국 / 애니풍,kidmo,kidmo
한국 / 애니풍,kim eb,kim_eb
한국 / 애니풍,kkuem,kkuem
한국 / 애니풍,mikan03_26,mikan03_26
한국 / 애니풍,mmlyno,mmlyno
한국 / 애니풍,monegi,monegi
한국 / 애니풍,nyancunbun,nyancunbun
한국 / 애니풍,piratescat01,piratescat01
한국 / 애니풍,punc p,punc_p
한국 / 애니풍,quasarcake,quasarcake
한국 / 애니풍,red_(02kakuni),red_(02kakuni)
한국 / 애니풍,ress,ress
한국 / 애니풍,sayori,sayori_(neko_works)
한국 / 애니풍,sos adult,sos_adult
한국 / 애니풍,sushispin,sushispin
한국 / 애니풍,taesi,taesi
한국 / 애니풍,ukero,ukero
한국 / 애니풍,urorong,urorong
한국 / 애니풍,xi xeong,xi_xeong
한국 / 애니풍,xipa,xipa
한국 / 애니풍,yd,yd_(orangemaru)
한국 / 애니풍,yoya yogurt,yoya_yogurt
한국 / 애니풍,yunsang,yunsang
