작품명,캐릭터 한글명,캐릭터 영문 프롬프트
5등분의 신부,나카노 니노,nakano_nino
5등분의 신부,나카노 라이하,nakano_raiha
5등분의 신부,나카노 미쿠,nakano_miku
5등분의 신부,나카노 요츠바,nakano_yotsuba
5등분의 신부,나카노 이츠키,nakano_itsuki
5등분의 신부,나카노 이치카,nakano_ichika
5등분의 신부,나카노 자네에몬,nakano_zeniemon
5등분의 신부,마루오 마사요시,maruo_masayoshi
5등분의 신부,우에스기 라이하,uesugi_raiha
5등분의 신부,우에스기 후타로,uesugi_fuutarou
DC 코믹스,그린 애로우,green_arrow
DC 코믹스,닉스 새비지,nyssa_al_ghul
DC 코믹스,다이애나 프린스,diana_prince
DC 코믹스,듀엘라 덴트,Duela_Dent
DC 코믹스,레이디 블랙호크,Lady_Blackhawk
DC 코믹스,레이디 시바,Lady_Shiva
DC 코믹스,레이븐,Raven
DC 코믹스,로이스 레인,Lois_Lane
DC 코믹스,로즈 윌슨,Rose_Wilson
DC 코믹스,머라,mera_(dc)
DC 코믹스,메라,Mera
DC 코믹스,미라클 몰리,Miracle_Molly
DC 코믹스,바바라 고든,Barbara_Gordon
DC 코믹스,배트걸,Batgirl
DC 코믹스,배트우먼,Batwoman
DC 코믹스,블랙카나리,Black_Canary
DC 코믹스,블랙파이어,Black_Fire
DC 코믹스,셀리나 카일,selina_kyle
DC 코믹스,슈퍼걸,Super_Girl
DC 코믹스,슈퍼우먼,Super_Woman
DC 코믹스,스타걸,Stargirl
DC 코믹스,스타파이어,Starfire
DC 코믹스,스테파니 브라운,Stephanie_Brown
DC 코믹스,실버스완,Silver_Swan
DC 코믹스,아이리스 웨스트,iris_west
DC 코믹스,아쿠아맨,aquaman
DC 코믹스,원더걸,Wonder_Girl
DC 코믹스,원더우먼,Wonder_Woman
DC 코믹스,월리 웨스트,wally_west
DC 코믹스,인첸트리스,Enchantress
DC 코믹스,자타나,Zatanna
DC 코믹스,제시카 크루즈,Jessica_Cruz
DC 코믹스,카산드라 케인,Cassandra_Cain
DC 코믹스,카타나,Katana
DC 코믹스,캣우먼,Catwoman
DC 코믹스,탈리아 알 굴,Talia_al_Ghul
DC 코믹스,파워걸,Power_Girl
DC 코믹스,팬텀 스트레인저,phantom_stranger
DC 코믹스,펀치라인,Punchline
DC 코믹스,포이즌 아이비,Poison_Ivy
DC 코믹스,플래시,the_flash
DC 코믹스,할리퀸,Harley_Quinn
DC 코믹스,헌트리스,Huntress
Fate/Grand Order,BB,BB_BB
Fate/Grand Order,BB (도쿄),bb_(fate)_(swimsuit_mooncancer)
Fate/Grand Order,BB 수영복,BBBB_(Summer)
Fate/Grand Order,가레스,Gareth
Fate/Grand Order,가레스 수영복,Gareth_(Swimsuit_Saber)
Fate/Grand Order,갈라테이아,Galatea
Fate/Grand Order,고르곤,Gorgon
Fate/Grand Order,그레이,Gray
Fate/Grand Order,기네비어,guinevere_(fate)
Fate/Grand Order,나가오 카게토라,uesugi_kenshin_(fate)
Fate/Grand Order,나가오 카케토라,Nagao_Kagetora
Fate/Grand Order,나가오카비카,okita_souji_(swimsuit_saber)_(fate)
Fate/Grand Order,나가타 시즈카,fujimaru_ritsuka
Fate/Grand Order,나이팅게일,Nightingale
Fate/Grand Order,나이팅게일 산타,Nightingale_(Santa)
Fate/Grand Order,나타,Nezha
Fate/Grand Order,네로 클라디우스,Nero_Claudius
Fate/Grand Order,네로 클라디우스 브라이드,Nero_Claudius_(Bride)
Fate/Grand Order,네로 클라디우스 캐스터,Nero_Claudius_(Caster)
Fate/Grand Order,니토크리스,Nitocris
Fate/Grand Order,니토크리스 수영복,Nitocris_(Assassin)
Fate/Grand Order,도브리냐 니키티치,Dobrynya_Nikitich
Fate/Grand Order,락슈미바이,Lakshmibai
Fate/Grand Order,레오나르도 다 빈치,Leonardo_Da_Vinci
Fate/Grand Order,레오나르도 다 빈치 라이더,Leonardo_Da_Vinci_(Rider)
Fate/Grand Order,레오나르도 다 빈치 룰러,Leonardo_Da_Vinci_(Ruler)
Fate/Grand Order,료우기 시키,Ryōgi_Shiki_(Assassin)
Fate/Grand Order,료우기 시키 기모노,Ryōgi_Shiki_(Saber)
Fate/Grand Order,마나난 막 리르,Manannán_mac_Lir_(Bazett)
Fate/Grand Order,마르타,Martha
Fate/Grand Order,마르타 산타,Martha_(Santa)
Fate/Grand Order,마르타 수영복,Martha_(Ruler)
Fate/Grand Order,마리 앙투아네트,Marie_Antoinette
Fate/Grand Order,마리 앙투아네트 수영복,Marie_Antoinette_(Swimsuit_Caster)
Fate/Grand Order,마슈 키리에라이트,Mashu_Kyrielight
Fate/Grand Order,마타 하리,Mata_Hari
Fate/Grand Order,멀린 프로토타입,Merlin_(Prototype)
Fate/Grand Order,멀린 프로토타입 수영복,Lady_Avalon
Fate/Grand Order,메데이아 릴리,Medea_(Lily)
Fate/Grand Order,메두사,Medea
Fate/Grand Order,메두사 랜서,Medusa_(Lancer)
Fate/Grand Order,메이브,Queen_Medb
Fate/Grand Order,메이브 수영복,Queen_Medb_(Swimsuit_Saber)
Fate/Grand Order,메카 엘리자베트 1호,Mecha_Eli-chan
Fate/Grand Order,메카 엘리자베트 2호,Mecha_Eli-chan_Mk.II
Fate/Grand Order,멜뤼진,Mélusine
Fate/Grand Order,멜리시아 카운터,melusine_(fate)
Fate/Grand Order,멜트릴리스,Meltlilith
Fate/Grand Order,멜트릴리스 수영복,Mysterious_Alter_Ego_Λ
Fate/Grand Order,모드레드,Mordred
Fate/Grand Order,모드레드 수영복,Mordred_(Swimsuit_Rider)
Fate/Grand Order,모르간,Morgan
Fate/Grand Order,모치즈키 치요메,Mochizuki_Chiyome
Fate/Grand Order,무라사키 시키부,Murasaki_Shikibu
Fate/Grand Order,무라사키 시키부 수영복,Murasaki_Shikibu_(Swimsuit_Rider)
Fate/Grand Order,무측천,Wu_Zetian
Fate/Grand Order,무측천 수영복,Wu_Zetian_(Swimsuit_Caster)
Fate/Grand Order,미나모토노 라이코,minamoto_no_raikou_(fate)
Fate/Grand Order,미나모토노 라이코 수영복,Minamoto_no_Raikō_(Swimsuit_Lancer)
Fate/Grand Order,미나모토노 라이코ō,Minamoto_no_Raikō
Fate/Grand Order,미네바 라오 자비,minamoto_no_yoshitsune_(fate)
Fate/Grand Order,미스 크레인,Miss_Crane
Fate/Grand Order,미야모토 무사시,Miyamoto_Musashi
Fate/Grand Order,미야모토 무사시 수영복,Miyamoto_Musashi_(Swimsuit_Berserker)
Fate/Grand Order,바게스트,Barghest
Fate/Grand Order,바반시,Baobhan_Sith
Fate/Grand Order,바트라잘,bathory_(fate)
Fate/Grand Order,반 고흐,Van_Gogh
Fate/Grand Order,발키리,Valkyrie
Fate/Grand Order,백모의 핫산,Hassan_of_the_Hundred_Faces
Fate/Grand Order,베니 엔마 -,Beni-enma
Fate/Grand Order,벤케이,musashibou_benkei_(fate)
Fate/Grand Order,부디카,Boudica
Fate/Grand Order,브라단만테,Bradamante
Fate/Grand Order,브륀힐데,Brynhildr
Fate/Grand Order,브륀힐데 수영복,Brynhildr_(Berserker)
Fate/Grand Order,브리트라,Vritra
Fate/Grand Order,살로메,Salome
Fate/Grand Order,샤를로트 코르데,Charlotte_Corday
Fate/Grand Order,샤를로트 코르데 수영복,Charlotte_Corday_(Caster)
Fate/Grand Order,샬롯 코르데,charlotte_corday_(fate)
Fate/Grand Order,세노 리큐,Sen_no_Rikyū
Fate/Grand Order,세미라미스,Semiramis
Fate/Grand Order,세이 쇼나곤,Sei_Shōnagon
Fate/Grand Order,세이 쇼나곤 수영복,Sei_Shōnagon_(Swimsuit_Berserker)
Fate/Grand Order,셋쇼인 키아라,Sesshōin_Kiara
Fate/Grand Order,셋쇼인 키아라 수영복,Sesshōin_Kiara_(Swimsuit_Moon_Cancer)
Fate/Grand Order,셰헤라자데,Scheherazade
Fate/Grand Order,수수께끼의 아이돌 얼터,XMysterious_Idol_X_(Alter)
Fate/Grand Order,수수께끼의 히로인,X_Mysterious_Heroine_X
Fate/Grand Order,수수께끼의 히로인 얼터,XMysterious_Heroine_X_(Alter)
Fate/Grand Order,순,shuten_douji_(fate)
Fate/Grand Order,슈텐도지,Shuten_Dōji
Fate/Grand Order,슈텐도지 캐스터,Shuten_Dōji_(Caster)
Fate/Grand Order,스즈카 고젠,Suzuka_Gozen
Fate/Grand Order,스즈카 고젠 산타,Suzuka_Gozen_(Santa)
Fate/Grand Order,스카디,Scáthach-Skaði
Fate/Grand Order,스카디 수영복,Scáthach-Skaði_(Swimsuit_Ruler)
Fate/Grand Order,스카사하,Scáthach
Fate/Grand Order,스카사하 수영복,Scáthach_(Swimsuit_Assassin)
Fate/Grand Order,스카사하 스카디,scathach-skadi
Fate/Grand Order,스카하,scathach_(fate)
Fate/Grand Order,스텐노,Stheno
Fate/Grand Order,스페이스 이슈타르,Space_Ishtar
Fate/Grand Order,시바의 여왕,Queen_of_Sheba
Fate/Grand Order,시타,Sita
Fate/Grand Order,시토나이,Sitonai
Fate/Grand Order,아나스타샤,Anastasia
Fate/Grand Order,아나스타샤 & 비비 &,Anastasia_&_Viy
Fate/Grand Order,아르토리아 캐스터,Artoria_Caster
Fate/Grand Order,아르토리아 페그래곤,artoria_pendragon_(fate)
Fate/Grand Order,아르토리아 펜드래곤,Artoria_Pendragon
Fate/Grand Order,아르토리아 펜드래곤 랜서,Artoria_Pendragon_(Lancer)
Fate/Grand Order,아르토리아 펜드래곤 랜서 룰러,Artoria_Pendragon_(Ruler)
Fate/Grand Order,아르토리아 펜드래곤 랜서 얼터,Artoria_Pendragon_(Lancer_Alter)
Fate/Grand Order,아르토리아 펜드래곤 릴리,Artoria_Pendragon_(Lily)
Fate/Grand Order,아르토리아 펜드래곤 수영복,Artoria_Pendragon_(Swimsuit_Archer)
Fate/Grand Order,아르토리아 펜드래곤 얼터,Artoria_Pendragon_(Alter)
Fate/Grand Order,아르토리아 펜드래곤 얼터 (산타),Artoria_Pendragon_(Santa_Alter)
Fate/Grand Order,아르토리아 펜드래곤 얼터 수영복,Artoria_Pendragon_(Swimsuit_Rider_Alter)
Fate/Grand Order,아베노 세이메이,abe_no_seimei
Fate/Grand Order,아비게일 윌리엄스,Abigail_Williams
Fate/Grand Order,아비게일 윌리엄스(수영복),Abigail_Williams_(Swimsuit_Summer)
Fate/Grand Order,아사가미 후지노,Asagami_Fujino
Fate/Grand Order,아스토르포,astolfo_(fate)
Fate/Grand Order,아스트레아,Astraea
Fate/Grand Order,아탈란테,Atalanta
Fate/Grand Order,아탈란테 얼터,Atalanta_(Alter)
Fate/Grand Order,아토라무 갈라테아,atalanta_(fate)
Fate/Grand Order,알테라,Altera
Fate/Grand Order,알테라 산 타,Altera_the_San(ta)
Fate/Grand Order,앤 보니 & 메리 리드,Anne_Bonny_&_Mary_Read
Fate/Grand Order,앤 보니 & 메리 리드 수영복,Anne_Bonny_&_Mary_Read_(Archer)
Fate/Grand Order,양귀비,Yang_Guifei
Fate/Grand Order,에레쉬키갈,Ereshkigal
Fate/Grand Order,에레슈키갈,ereshkigal_(fate)
Fate/Grand Order,에우로페,Europa
Fate/Grand Order,에우리알레,Euryale
Fate/Grand Order,엘레나 블레바츠키,Helena_Blavatsky
Fate/Grand Order,엘레나 블레바츠키 수영복,Helena_Blavatsky_(Swimsuit_Archer)
Fate/Grand Order,엘레나 블레바크치 산타,Helena_Blavatsky_(Christmas)
Fate/Grand Order,엘리자베스 바토리,Elizabeth_Báthory
Fate/Grand Order,엘리자베스 바토리 브레이브,Elizabeth_Báthory_(Brave)
Fate/Grand Order,엘리자베스 바토리 신데렐라,Elizabeth_Báthory_(Cinderella)
Fate/Grand Order,엘리자베스 바토리 할로윈,Elizabeth_Báthory_(Halloween)
Fate/Grand Order,오다 노부가나 어벤저,Oda_Nobunaga_(Avenger)
Fate/Grand Order,오다 노부나가,Oda_Nobunaga
Fate/Grand Order,오다 노부나가 수영복,Oda_Nobunaga_(Swimsuit_Berserker)
Fate/Grand Order,오사카베히메,Osakabehime
Fate/Grand Order,오사카베히메 수영복,Osakabehime_(Archer)
Fate/Grand Order,오키타 J 소지,JOkita_J_Sōji_Swimsuit
Fate/Grand Order,오키타 소지,Okita_Sōji
Fate/Grand Order,오키타 소지 얼터,Okita_Sōji_(Alter)
Fate/Grand Order,오키타 알터,okita_souji_alter
Fate/Grand Order,우 즈키,katsushika_oui
Fate/Grand Order,우미인,Consort_Yu
Fate/Grand Order,우미인 수영복,Consort_Yu_(Swimsuit_Lancer)
Fate/Grand Order,우시와카마루,Ushiwakamaru
Fate/Grand Order,우시와카마루 수영복,Ushiwakamaru_(Swimsuit_Assassin)
Fate/Grand Order,우츠미 에리세,Utsumi_Erice
Fate/Grand Order,우츠미 에리세 수영복,Utsumi_Erice_(Swimsuit_Avenger)
Fate/Grand Order,이리야스필 폰 아인츠베른,illyasviel_von_einzbern
Fate/Grand Order,이바라키도지,Ibaraki_Dōji
Fate/Grand Order,이바라키도지 수영복,Ibaraki_Dōji_(Lancer)
Fate/Grand Order,이부키도지,Ibuki_Dōji
Fate/Grand Order,이부키도지 수영복,Ibuki_Dōji_(Swimsuit_Berserker)
Fate/Grand Order,이슈타르,Ishtar
Fate/Grand Order,이슈타르 수영복,Ishtar_(Swimsuit_Rider)
Fate/Grand Order,이요,Iyo
Fate/Grand Order,이즈모의 오쿠니,Izumo_no_Okuni
Fate/Grand Order,자크 데 몰레,Jacques_de_Molay
Fate/Grand Order,잔 다르크,Jeanne_d'Arc
Fate/Grand Order,잔 다르크 (산타 릴리),jeanne_d'arc_alter_santa_lily
Fate/Grand Order,잔 다르크 수영복,Jeanne_d'Arc_(Archer)
Fate/Grand Order,잔 다르크 얼터,Jeanne_d'Arc_(Alter)
Fate/Grand Order,잔 다르크 얼터 산타 릴리,Jeanne_d'Arc_(Alter)_(Santa_Lily)
Fate/Grand Order,잔 다르크 얼터 수영복,Jeanne_d'Arc_(Berserker_Alter)
Fate/Grand Order,잔다르크 (얼터),jeanne_d'arc_alter
Fate/Grand Order,재규어맨,Jaguar_Man
Fate/Grand Order,잭 더 리퍼,Jack_the_Ripper
Fate/Grand Order,정밀의 핫산,Hassan_of_the_Serenity
Fate/Grand Order,제노비아,Zenobia
Fate/Grand Order,주나,junao
Fate/Grand Order,지나코 카리기리,Jinako_Carigiri
Fate/Grand Order,진 잔다르크,jeanne_d'arc_(fate)
Fate/Grand Order,진양옥,Qin_Liangyu
Fate/Grand Order,쯩 자매,Trung_Sisters
Fate/Grand Order,차차,Chacha
Fate/Grand Order,카마,Kame
Fate/Grand Order,카마 수영복,Kama_(Swimsuit_Avenger)
Fate/Grand Order,카밀라,Carmilla
Fate/Grand Order,카밀라 수영복,Carmilla_(Rider)
Fate/Grand Order,캘러미티 제인,Calamity_Jane
Fate/Grand Order,케찰코아틀,Quetzalcoatl
Fate/Grand Order,케찰코아틀 산타,Quetzalcoatl_(Samba/Santa)
Fate/Grand Order,코야스 츠바메,okita_souji_(fate)
Fate/Grand Order,쿠로 폰 아인츠베른,chloe_von_einzbern
Fate/Grand Order,쿠츠시카 호쿠사이,katsushika_hokusai_(fate)
Fate/Grand Order,클레오파트라,Cleopatra
Fate/Grand Order,키르케,Circe
Fate/Grand Order,타마모 노 마에,tamamo_no_mae_(fate)
Fate/Grand Order,타마모 비스트,tamamo_no_mae_(swimsuit_lancer)_(fate)
Fate/Grand Order,타마모 캣,Tamamo_Cat
Fate/Grand Order,타마모노마에,Tamamo_no_Mae
Fate/Grand Order,타마모노마에 수영복,Tamamo_no_Mae_(Swimsuit_Lancer)
Fate/Grand Order,타마모빗치 코얀스카야,Tamamo_Vitch_Koyanskaya
Fate/Grand Order,타마모빗치 코얀스카야 포리너,Tamamo_Vitch_Koyanskaya_(Foreigner)
Fate/Grand Order,타마모캐트,tamamo_cat_(fate)
Fate/Grand Order,타이마트,Tiamat
Fate/Grand Order,토모에 고젠,Tomoe_Gozen
Fate/Grand Order,토모에 고젠 수영복,Tomoe_Gozen_(Swimsuit_Saber)
Fate/Grand Order,파르바티,Parvati
Fate/Grand Order,패션립,Passionlip
Fate/Grand Order,페그래,altera_(fate)
Fate/Grand Order,페난드라 모건,morgan_le_fay_(fate)
Fate/Grand Order,페르세포네,persephone_(fate)
Fate/Grand Order,펜테실레이아,Penthesilea
Fate/Grand Order,풀 바니,Paul_Bunyan
Fate/Grand Order,프랑켄슈타인,Frankenstein
Fate/Grand Order,프랑켄슈타인 산타,Frankenstein_(Christmas)
Fate/Grand Order,프랑켄슈타인 수영복,Frankenstein_(swimsuit_Saber)
Fate/Grand Order,프랜시스 드레이크,Francis_Drake
Fate/Grand Order,하베트롯,Habetrot
Fate/Grand Order,헤파이스티온,Hephaestion
Fate/Grand Order,현장 삼장,Xuanzang_Sanzang
Fate/Grand Order,형가,Jing_Ke
Fate/Grand Order,후트,fuuma_kotarou
Fate/Grand Order,히로인 X,heroine_x
Fate/Grand Order,히로인 X 얼터,heroine_x_alter
Fate/Grand Order,히로인 XX,heroine_xx
Fate/Grand Order,히메코,Himiko
Fate/stay night,마토 사쿠라,Sakura_Matou_(Fate/stay_night)
Fate/stay night,세이버 Saber,(Fate/stay_night)
Fate/stay night,이리야스필 폰 아인츠베른,Illyasviel_von_Einzbern_(Fate/stay_night)
Fate/stay night,캐스터,Caster(Fate/stay_night)
Fate/stay night,토오사카 린,Rin_Tohsaka_(Fate/stay_night)
K-On!,나카노 아즈사,nakano_azusa
K-On!,마나베 노도카,manabe_nodoka
K-On!,스즈키 준,suzuki_jun
K-On!,아키야마 미오,akiyama_mio
K-On!,야마나카 사와코,yamanaka_sawako
K-On!,코토부키 츠무기,kotobuki_tsumugi
K-On!,타이나카 리츠,tainaka_ritsu
K-On!,히라사와 우이,hirasawa_ui
K-On!,히라사와 유이,hirasawa_yui
강철의 연금술사,러스트,Lust
강철의 연금술사,리자 호크아이,Riza_Hawkeye
강철의 연금술사,올리비에 밀라 암스트롱,Olivier_Mira_Armstrong
강철의 연금술사,윈리 록벨,Winry_Rockbell
강철의 연금술사,이즈미 카터스,Izumi_Curtis
고블린 슬레이어,검의 처녀,Sword_Maiden
고블린 슬레이어,소치기 소녀,Cow_Girl(Goblin_Slayer)
고블린 슬레이어,엘프 궁수,High_Elf_Archer(Goblin_Slayer)
고블린 슬레이어,여신관,Priestess(Goblin_Slayer)
고블린 슬레이어,접수원 아가씨,Guild_Girl(Goblin_Slayer)
귀멸의 칼날,다키,Daki
귀멸의 칼날,도우마,douma_(kimetsu_no_yaiba)
귀멸의 칼날,렌고쿠 시즈에,rengoku_shizue
귀멸의 칼날,렌고쿠 쿄쥬로,rengoku_kyoujurou
귀멸의 칼날,마키오,Makio
귀멸의 칼날,미츠리 칸로지,kanroji_mitsuri
귀멸의 칼날,시나즈가와 산에미,shinazugawa_sanemi
귀멸의 칼날,아가츠마 젠이츠,agatsuma_zenitsu
귀멸의 칼날,아오이,kanzaki_aoi
귀멸의 칼날,아카자,akaza_(kimetsu_no_yaiba)
귀멸의 칼날,우즈이 마키오,uzui_makio
귀멸의 칼날,우즈이 수마,uzui_suma
귀멸의 칼날,우즈이 텐겐,uzui_tengen
귀멸의 칼날,우즈이 히나츠루,uzui_hinatsuru
귀멸의 칼날,이구로 오바나이,iguro_obanai
귀멸의 칼날,츠마,Suma
귀멸의 칼날,츠바키,tsubaki_(kimetsu_no_yaiba)
귀멸의 칼날,츠유리 카나에,Kanao_Tsuyuri
귀멸의 칼날,츠유리 카나오,tsuyuri_kanao
귀멸의 칼날,카마도 네즈코,kamado_nezuko
귀멸의 칼날,카마도 네지로,Nezuko_Kamado
귀멸의 칼날,카마도 탄지로,kamado_tanjirou
귀멸의 칼날,코쵸 시노부,Shinobu_Kocho
귀멸의 칼날,코쵸 카나에,kochou_kanae
귀멸의 칼날,쿠로사와 미시키,shinobu_kochou
귀멸의 칼날,키부츠지 무잔,kibutsuji_muzan
귀멸의 칼날,키요 카타라이,nakahara_sumi
귀멸의 칼날,토미오카 기유,tomioka_giyuu
귀멸의 칼날,토키토 무이치로,tokitou_muichirou
귀멸의 칼날,하시비라 이노스케,hashibira_inosuke
귀멸의 칼날,히메지마 교메이,himejima_gyoumei
나는 친구가 적다,미카츠키 요조라,Yozora_Mikazuki
나는 친구가 적다,시구마 리카,Rika_Shiguma
나는 친구가 적다,카시와자키 세나,Sena_Kashiwazaki
나는 친구가 적다,쿠스노키 유키무라,Yukimura_Kusunoki
나는 친구가 적다,타카먀아 케이트,Kate_Takayama
나는 친구가 적다,타카야마 마리아,Maria_Takayama
나는 친구가 적다,하세가와 코바토,Kobato_Hasegawa
나루토,가아라,gaara
나루토,나가토,nagato_(naruto)
나루토,나라 시카마루,nara_shikamaru
나루토,노하라 린,Rin_Nohara
나루토,니이 유기토,Yugito_Nii
나루토,데이다라,deidara_(naruto)
나루토,마부이,Mabui
나루토,마츠이,Matsuri
나루토,미나토 나미카제,namikaze_minato
나루토,미츠키,mitsuki_(naruto)
나루토,미타라시 앙코,Anko_Mitarashi
나루토,사무이,Samui
나루토,사소리,sasori_(naruto)
나루토,시즈네,Shizune
나루토,아마네,Ayame
나루토,아부라메 시노,aburame_shino
나루토,아키미치 쵸지,akimichi_chouji
나루토,야마나카 이노,Ino_Yamanaka
나루토,오로치마루,orochimaru_(naruto)
나루토,오오츠츠키 카구야,Kaguya_Otsutsuki
나루토,우즈마키 나루토,uzumaki_naruto
나루토,우즈마키 미토,Mito_Uzumaki
나루토,우즈마키 보루토,uzumaki_boruto
나루토,우즈마키 카린,Karin_Uzumaki
나루토,우즈마키 쿠시나,Kushina_Uzumaki
나루토,우즈마키 히마와리,uzumaki_himawari
나루토,우치하 마다라,uchiha_madara
나루토,우치하 미코토,Mikoto_Uchiha
나루토,우치하 사라다,uchiha_sarada
나루토,우치하 사스케,uchiha_sasuke
나루토,우치하 이즈미,uchiha_izumi
나루토,우치하 이타치,uchiha_itachi
나루토,유우히 쿠레나이,Yuuhi_Kurenai
나루토,이누즈카 키바,inuzuka_kiba
나루토,지라이야,jiraiya_(naruto)
나루토,츠나데,Tsunade
나루토,카루이,Karui
나루토,카쿠즈,kakuzu_(naruto)
나루토,칸쿠로,kankurou
나루토,코난,Konan
나루토,코노한 우자키,konan_(naruto)
나루토,코지,tobi_(naruto)
나루토,쿠로츠치,Kurotsuchi
나루토,쿠시나 우즈마키,uzumaki_kushina
나루토,키사메,hoshigaki_kisame
나루토,타유야,Tayuya
나루토,테루미 메이,Mei_Terumi
나루토,테마리,Temari
나루토,텐텐,Tenten
나루토,파쿠라,Pakura
나루토,페인,pain_(naruto)
나루토,하나비 휴우가,hyuuga_hanabi
나루토,하루노 사쿠라,Sakura_Haruno
나루토,하타케 카카시,hatake_kakashi
나루토,후우,Fuu
나루토,휴우가,히나타_Hinata_Hyuuga
나루토,휴우카,히나비_Hanabi_Hyuuga
나루토,히나타 휴우가,hyuuga_hinata
나루토,히단,hidan_(naruto)
나의 히어로 아카데미아,나카가메 타타미,Tatami_Nakagame
나의 히어로 아카데미아,러브러버,lovelover
나의 히어로 아카데미아,레이디 나강,_Lady_Nagant
나의 히어로 아카데미아,렉돌,Ragdoll
나의 히어로 아카데미아,류쿠,Ryukyu
나의 히어로 아카데미아,마운트 레이디,Mt._Lady
나의 히어로 아카데미아,만달레이,Mandalay
나의 히어로 아카데미아,멜리사 실드,Melissa_Shield
나의 히어로 아카데미아,미네타 미노루,mineta_minoru
나의 히어로 아카데미아,미도리야 이즈쿠,midoriya_izuku
나의 히어로 아카데미아,미드나이트,Midnight
나의 히어로 아카데미아,미르코,Mirko
나의 히어로 아카데미아,미츠키 카유,miruko
나의 히어로 아카데미아,바쿠고 미츠키,Mitsuki_Bakugo
나의 히어로 아카데미아,바쿠고 카츠키,bakugou_katsuki
나의 히어로 아카데미아,버닝,Burnin
나의 히어로 아카데미아,세로 한타,sero_hanta
나의 히어로 아카데미아,쇼지 메조,shouji_mezou
나의 히어로 아카데미아,시무라 나나,Nana_Shimura
나의 히어로 아카데미아,아스이 츠유,Tsuyu_Asui
나의 히어로 아카데미아,아시도 미나,Mina_Ashido
나의 히어로 아카데미아,아오야마 유가,aoyama_yuuga
나의 히어로 아카데미아,아이자와 쇼타,aizawa_shouta
나의 히어로 아카데미아,야나기 레이코,Reiko_Yanagi
나의 히어로 아카데미아,야오요로즈 모모,Momo_Yaoyorozu
나의 히어로 아카데미아,에리,eri_(boku_no_hero_academia)
나의 히어로 아카데미아,오지로 마시라오,ojiro_mashirao
나의 히어로 아카데미아,올 마이트,all_might
나의 히어로 아카데미아,우라라카 오챠코,Ochaco_Uraraka
나의 히어로 아카데미아,우사바미,Uwabami
나의 히어로 아카데미아,우츠시미 케미,Camie_Utsushimi
나의 히어로 아카데미아,이이다 텐야,iida_tenya
나의 히어로 아카데미아,쟈로,jirou_kyouka
나의 히어로 아카데미아,지로 쿄카,Kyoka_Jiro
나의 히어로 아카데미아,카미나리 덴키,kaminari_denki
나의 히어로 아카데미아,케키 치사키,chisaki_kai
나의 히어로 아카데미아,켄도 이츠카,Itsuka_Kendo
나의 히어로 아카데미아,코다 코지,kouda_kouji
나의 히어로 아카데미아,큐리어스,Chitose_Kizuki
나의 히어로 아카데미아,키리시마 에지로,kirishima_eijirou
나의 히어로 아카데미아,토가,히미코_Himiko_Toga
나의 히어로 아카데미아,토가 히미코,toga_himiko
나의 히어로 아카데미아,토도로키 레이,Rei_Todoroki
나의 히어로 아카데미아,토도로키 쇼토,todoroki_shouto
나의 히어로 아카데미아,토도로키 후유미,Fuyumi_Todoroki
나의 히어로 아카데미아,토모로 시가라키,shigaraki_tomura
나의 히어로 아카데미아,토카게 세츠나,Setsuna_Tokage
나의 히어로 아카데미아,토코야미 후미카게,tokoyami_fumikage
나의 히어로 아카데미아,픽시 팝,Pixie-Bob
나의 히어로 아카데미아,하가쿠레 토오루,Toru_Hagakure
나의 히어로 아카데미아,하구레 토오루,hagakure_tooru
나의 히어로 아카데미아,하도 네지레,Nejire_Hado
나의 히어로 아카데미아,하츠메 메이,Mei_Hatsume
나의 히어로 아카데미아,핫스폼,fat_gum
낙제기사의 영웅담,스텔라 버밀리온,Stella_Vermillion
낙제기사의 영웅담,아야츠지 아야세,Ayase_Ayatsuji
낙제기사의 영웅담,쿠로가네 시즈쿠,Shizuku_Kurogane
낙제기사의 영웅담,토도 토카,Touka_Toudou
단간론파,나나미 치아키,Chiaki_Nanami
단간론파,나에기 마코토,naegi_makoto
단간론파,마이조노 사야카,Sayaka_Maizono
단간론파,미오다 이부키,Ibuki_Mioda
단간론파,사이욘지 이요코,Hiyoko_Saionji
단간론파,산다이지 쿄스케,munakata_kyousuke
단간론파,샤일라 발케이리아,shirogane_tsumugi
단간론파,셀레스티아 루덴베르크,Celestia_Ludenberg
단간론파,소니아 네버마인드,Sonia_Nevermind
단간론파,시로가네 츠무기,Tsumugi_Shirogane
단간론파,아사히나 아오이,Aoi_Asahina
단간론파,아오이 아사히나,asahina_aoi
단간론파,아카마츠 카에데,Kaede_Akamatsu
단간론파,아키미 잇뽄마츠,nidai_nekomaru
단간론파,에노시마 쥰코,Junko_Enoshima
단간론파,오오와다 모운도,oowada_mondo
단간론파,오와리 아카네,Akane_Owari
단간론파,요나가 안지,Angie_Yonaga
단간론파,유메노,히미코_Himiko_Yumeno
단간론파,유메노 히미코,yumeno_himiko
단간론파,이루마 미우,Miu_Iruma
단간론파,이시마루 키요타카,ishimaru_kiyotaka
단간론파,이쿠사바 무쿠로,Mukuro_Ikusaba
단간론파,제노사이더 쇼우,genocider_shou
단간론파,챠바시라 텐코,Tenko_Chabashira
단간론파,초우노스케 시즈쿠,chabashira_tenko
단간론파,츄미노 양가,yonaga_angie
단간론파,츠미키 미캉,Mikan_Tsumiki
단간론파,츠미키 미키,tsumiki_mikan
단간론파,켈리 호카츠,kelly_celes
단간론파,코마에다 나기토,komaeda_nagito
단간론파,코이즈미 마히루,Mahiru_Koizumi
단간론파,쿠즈류 후유히코,kuzuryuu_fuyuhiko
단간론파,키리기리 진,kirigiri_jin
단간론파,키리기리 쿄코,Kyoko_Kirigiri
단간론파,탕가루모,tanaka_gundham
단간론파,토죠 쿠루미,Kirumi_Tojo
단간론파,토죠 키리미,toujou_kirumi
단간론파,페코야마 페코,Peko_Pekoyama
단간론파,핀크 마호,saionji_hiyoko
단간론파,하라쿠와 마키,Maki_Harukawa
단간론파,하루카와 마키,harukawa_maki
단간론파,후카와 토코,Toko_Fukawa
단간론파,후키가와 토우코,fukawa_touko
단간론파,히나타 하지메,hinata_hajime
단단단,기 굠 옴,okarun
단단단,모모 아야세,ayase_momo
단단단,아이라,aira_shiratori
단단단,오카루 켄,ken_takakura_(dandadan)
단단단,진 엔조지,enjouji_jin
단단단,키누타 아야,kinta_sakata
단단단,타로 카시,kashima_taro
단단단,터보 할머니,turbo_granny
달링 인 더 프랑키스,이치고,Ichigo
달링 인 더 프랑키스,제로투,Zero_Two
달링 인 더 프랑키스,코코로,Kokoro
던전에서 만남을 추구하면 안 되는 걸까?,다프네 라우로스,Daphne_Lauros
던전에서 만남을 추구하면 안 되는 걸까?,데메테르,Demeter(DunMachi)
던전에서 만남을 추구하면 안 되는 걸까?,레비스,Revis
던전에서 만남을 추구하면 안 되는 걸까?,레피야 비리디스,Lefiya_Viridis
던전에서 만남을 추구하면 안 되는 걸까?,로키,Loki(DunMachi)
던전에서 만남을 추구하면 안 되는 걸까?,류 리온,Ryuu_Lion
던전에서 만남을 추구하면 안 되는 걸까?,리베리아 리요스 알브,Riveria_Ljos_Alf
던전에서 만남을 추구하면 안 되는 걸까?,산죠노 하루히메,Sanjouno_Haruhime
던전에서 만남을 추구하면 안 되는 걸까?,시르 플로버,Syr_Flova
던전에서 만남을 추구하면 안 되는 걸까?,아냐 프로멜,Anya_Fromel
던전에서 만남을 추구하면 안 되는 걸까?,아라시아 포레스트라이트,Alicia_Forestlight
던전에서 만남을 추구하면 안 되는 걸까?,아미드 테아사나레,Airmid_Teasanare
던전에서 만남을 추구하면 안 되는 걸까?,아스피 알 안드로메다,Asfi_Al_Andromeda
던전에서 만남을 추구하면 안 되는 걸까?,아이샤 벨카,Aisha_Belka
던전에서 만남을 추구하면 안 되는 걸까?,아이즈 발렌슈타인,Ais_Wallenstein
던전에서 만남을 추구하면 안 되는 걸까?,에이나 튤,Eina_Tulle
던전에서 만남을 추구하면 안 되는 걸까?,이슈타르,Ishtar(DunMachi)
던전에서 만남을 추구하면 안 되는 걸까?,카산드라 일리온,Cassandra_Ilion
던전에서 만남을 추구하면 안 되는 걸까?,티오나,히류테_Tiona_Hiryute
던전에서 만남을 추구하면 안 되는 걸까?,티오네,히류테_Tione_Hiryute
던전에서 만남을 추구하면 안 되는 걸까?,프레이야,Freya(DunMachi)
던전에서 만남을 추구하면 안 되는 걸까?,헤스티아,Hestia(DunMachi)
던전에서 만남을 추구하면 안 되는 걸까?,헤파이스토스,Hephaestus(DunMachi)
데이트 어 라이브,나토라 오리가미,natsumi_(date_a_live)
데이트 어 라이브,니베르콜,nibelcole
데이트 어 라이브,니아 혼조,honjou_nia
데이트 어 라이브,무라사메 레이네,murasame_reine
데이트 어 라이브,야마이 유즈루,yamai_yuzuru
데이트 어 라이브,야마이 카구야,yamai_kaguya
데이트 어 라이브,요시노,yoshino_(date_a_live)
데이트 어 라이브,이자요이 미쿠,izayoi_miku
데이트 어 라이브,이츠카 시도,itsuka_shidou
데이트 어 라이브,이츠카 코토리,itsuka_kotori
데이트 어 라이브,쿠루미,tokisaki_kurumi
데이트 어 라이브,토노마치 히로토,tonomachi_hiroto
데이트 어 라이브,토비이치 마나,tobiichi_mana
데이트 어 라이브,토비이치 오리가미,tobiichi_origami
데이트 어 라이브,토카,tohka_yatogami
데이트 어 라이브,호시미야 무쿠로,hoshimiya_mukuro
도쿄 구울,샤오 진리,Ching-Li_Hsiao
도쿄 구울,야시후사 쿠로나,:_Kurona_Yasuhisa
도쿄 구울,요네바야시 사이코,Saiko_Yonebayashi
도쿄 구울,요시무라 에토,Eto_Yoshimura
도쿄 구울,우헤이 하이루,Hairu_Ihei
도쿄 구울,이토리,Itori
도쿄 구울,카미시로 리제,Rize_Kamishiro
도쿄 구울,키리시마 토우카,Touka_Kirishima
도쿄 구울,호이토 로마,Roma_Hoito
도쿄 구울,후에구치,히나미_Hinami_Fueguchi
도쿄 구울,후에구치 류코,Ryouko_Fueguchi
도키도키 문예부,나츠키,natsuki_(doki_doki_literature_club)
도키도키 문예부,모니카,monika_(doki_doki_literature_club)
도키도키 문예부,사요리,sayori_(doki_doki_literature_club)
도키도키 문예부,유리,yuri_(doki_doki_literature_club)
동방 프로젝트,기 이지,kasodani_kyouko
동방 프로젝트,나에 나가에,yatsuhashi_tsukumo
동방 프로젝트,나즈린,nazrin
동방 프로젝트,니나미 야오로,ushizaki_urumi
동방 프로젝트,니토리 카와시로,kawashiro_nitori
동방 프로젝트,다이요세이,daiyousei
동방 프로젝트,레미리아 스칼렛,remilia_scarlet
동방 프로젝트,레이센,reisen_(touhou)
동방 프로젝트,레이센 우동게인 이나바,reisen_udongein_inaba
동방 프로젝트,렌코 우사미,usami_renko
동방 프로젝트,루미아,rumia
동방 프로젝트,리리 화이트,lily_white
동방 프로젝트,마에리베리 한,maribel_hearn
동방 프로젝트,모리야 스와코,moriya_suwako
동방 프로젝트,미스티아 로렐라이,mystia_lorelei
동방 프로젝트,미야코 요시카,miyako_yoshika
동방 프로젝트,미즈하시 파르시,mizuhashi_parsee
동방 프로젝트,사이교우지 유유코,saigyouji_yuyuko
동방 프로젝트,소가노 토지코,soga_no_tojiko
동방 프로젝트,스쿠나 시노미야,sukuna_shinmyoumaru
동방 프로젝트,아키 미나리코,aki_minoriko
동방 프로젝트,아키 시즈하,aki_shizuha
동방 프로젝트,앨리스 마가트로이드,alice_margatroid
동방 프로젝트,야고코로 에이린,yagokoro_eirin
동방 프로젝트,야사카 카나코,yasaka_kanako
동방 프로젝트,야쿠모 란,yakumo_ran
동방 프로젝트,야쿠모 유카리,yakumo_yukari
동방 프로젝트,야쿠모 친,chen_(touhou)
동방 프로젝트,에타니티 라르바,eternity_larva
동방 프로젝트,오뉴라마,kurokoma_saki
동방 프로젝트,와타츠키노 토요히메,watatsuki_no_toyohime
동방 프로젝트,요시카 미야코,yoshika_miyako
동방 프로젝트,운잔,unzan
동방 프로젝트,이나바 카지,tewi_inaba
동방 프로젝트,이나바 텟위,inaba_tewi
동방 프로젝트,이마이즈미 카게로우,imaizumi_kagerou
동방 프로젝트,이비키 스이카,ibuki_suika
동방 프로젝트,이자요이 사쿠야,izayoi_sakuya
동방 프로젝트,죠우토 우샤미,joutougu_mayumi
동방 프로젝트,치루노,cirno
동방 프로젝트,케이네,kamishirasawa_keine
동방 프로젝트,케이크우치 미사키,tatara_kogasa
동방 프로젝트,코치야 사나에,kochiya_sanae
동방 프로젝트,콘파쿠 요우무,konpaku_youmu
동방 프로젝트,쿠로다니 야마메,kurodani_yamame
동방 프로젝트,쿠모이 이치린,kumoi_ichirin
동방 프로젝트,키리사메 마리사,kirisame_marisa
동방 프로젝트,키샤 호우지로,kishou_houjirou
동방 프로젝트,키시 키사메,kishin_sagume
동방 프로젝트,키진 세이자,kijin_seija
동방 프로젝트,키치 마사,kicchou_yachie
동방 프로젝트,키친 헤카티아 라피슬라줄리,hecatia_lapislazuli
동방 프로젝트,토라마루 쇼우,toramaru_shou
동방 프로젝트,토모에 메이메이,wakasagihime
동방 프로젝트,토요사토미미노 미코,toyosatomimi_no_miko
동방 프로젝트,파츄리 널릿지,patchouli_knowledge
동방 프로젝트,플랑드르 스칼렛,flandre_scarlet
동방 프로젝트,하쿠레이 레이무,hakurei_reimu
동방 프로젝트,호리카와 라이코,horikawa_raiko
동방 프로젝트,호시구마 유우기,hoshiguma_yuugi
동방 프로젝트,호시미야 케이키,haniyasushin_keiki
동방 프로젝트,호우라이산 카구야,houraisan_kaguya
동방 프로젝트,호우즈키 키스메,hoozuki_kisume
동방 프로젝트,홍 메이링,hong_meiling
동방 프로젝트,후라와,mononobe_no_futo
동방 프로젝트,후지와라노 모코우,fujiwara_no_mokou
동방 프로젝트,후타츠이와 마미조,futatsuiwa_mamizou
동방 프로젝트,히사미 요리히메,watatsuki_no_yorihime
동방 프로젝트,히지리 뱌쿠렌,hijiri_byakuren
드래곤볼,마론,Maron
드래곤볼,부라,Bulla
드래곤볼,부르마,Bulma
드래곤볼,인조인간 18호,Android_18
드래곤볼,인조인간 21호,Android_21_Evil
러브 라이브!,나카스 카스미,nakasu_kasumi
러브 라이브!,니시키노 마키,nishikino_maki
러브 라이브!,마츠우라 카난,matsuura_kanan
러브 라이브!,미나미 코토리,minami_kotori
러브 라이브!,미야시타 아이,miyashita_ai
러브 라이브!,미후네 시오리코,mifune_shioriko
러브 라이브!,사쿠라우치 리코,sakurauchi_riko
러브 라이브!,소노다 우미,sonoda_umi
러브 라이브!,시부야 카논,shibuya_kanon
러브 라이브!,아라이 사쿠라코,arashi_sakurako
러브 라이브!,아사카 카린,asaka_karin
러브 라이브!,아야세 에리,ayase_eli
러브 라이브!,야자와 니코,yazawa_nico
러브 라이브!,야자와 미아,yazawa_mia
러브 라이브!,엠마 베르데,emma_verde
러브 라이브!,오니즈카 나츠미,onitsuka_natsumi
러브 라이브!,오사카 시즈쿠,osaka_shizuku
러브 라이브!,오하라 마리,ohara_mari
러브 라이브!,와타나베 요우,watanabe_you
러브 라이브!,우에하라 아유무,uehara_ayumu
러브 라이브!,우엘무리 메이,wakana_shiki
러브 라이브!,자크 시키나,zhong_lanzhu
러브 라이브!,츠시마 요시코,tsushima_yoshiko
러브 라이브!,츠즈리 유네,tsuzuri_yuune
러브 라이브!,코노에 카나타,konoe_kanata
러브 라이브!,코사카 호노카,kousaka_honoka
러브 라이브!,코이즈미 하나요,koizumi_hanayo
러브 라이브!,쿠니키다 하나마루,kunikida_hanamaru
러브 라이브!,쿠로사와 다이아,kurosawa_dia
러브 라이브!,쿠로사와 루비,kurosawa_ruby
러브 라이브!,타카미 치카,takami_chika
러브 라이브!,탕 케케,tang_keke
러브 라이브!,텐노지 리나,tennouji_rina
러브 라이브!,토죠 노조미,toujou_nozomi
러브 라이브!,호시조라 린,hoshizora_rin
러브 라이브!,히라사와 사스키,hirasawa_sasuki
러브 라이브!,히이라기 메이,hazuki_ren
러브 라이브!,히이라기 시즈쿠,hiiragi_shizuku
럭키스타,나르사사 메구미,narumi_yui
럭키스타,이와사키 미나미,iwasaki_minami
럭키스타,이즈미 코나타,izumi_konata
럭키스타,코우바이타 야츠카,kobayakawa_yutaka
럭키스타,쿠로이 나노코,kuroi_nanako
럭키스타,타카라 미유키,takara_miyuki
럭키스타,히이라기 츠카사,hiiragi_tsukasa
럭키스타,히이라기 카가미,hiiragi_kagami
로그 호라이즌,나즈나,Nazuna
로그 호라이즌,누레하,Nureha
로그 호라이즌,로에,2_Roe2
로그 호라이즌,아카츠키,Akatsuki
로그 호라이즌,인틱스,Indicus
로그 호라이즌,카나미,Kanami
로그 호라이즌,테토라,Tetora
리제로,나츠키 스바루,natsuki_subaru
리제로,다프네,daphne_(re:zero)
리제로,람,ram_(re:zero)
리제로,렘,rem_(re:zero)
리제로,로즈월 L. 메이저스,roswaal_l._mathers
리제로,리카드 웰킨,ricardo_welkin
리제로,메일리 포트루트,meili_portroute
리제로,미네르바,minerva_(re:zero)
리제로,미미 펄밧시,mimi_pearlbaton
리제로,베아트리스,beatrice_(re:zero)
리제로,세크메트,sekhmet_(re:zero)
리제로,아나스타시아 호신,anastasia_hoshin
리제로,에밀리아,emilia_(re:zero)
리제로,에키드나,echidna_(re:zero)
리제로,엘자 그란히르테,elsa_granhiert
리제로,카밀라,carmilla_(re:zero)
리제로,크루쉬 카스툴,crusch_karsten
리제로,티비 펄밧시,tivey_pearlbaton
리제로,티폰,typhon_(re:zero)
리제로,팩,puck_(re:zero)
리제로,페트라 레이트,petra_leyte
리제로,펠릭스 아가일,felix_argyle
리제로,프레데리카 바움가르텐,frederica_baumann
리제로,프리실라 바리에르,priscilla_barielle
리제로,헤타로 펄밧시,hetaro_pearlbaton
리코리스 리코일,나카하라 미즈키,nakahara_mizuki
리코리스 리코일,니시키기 치사토,nishikigi_chisato
리코리스 리코일,로보타,robota_(lycoris_recoil)
리코리스 리코일,마지마,majima_(lycoris_recoil)
리코리스 리코일,미카,mika_(lycoris_recoil)
리코리스 리코일,사쿠라 키리하라,kirihara_sakura
리코리스 리코일,이노우에 타키나,inoue_takina
리코리스 리코일,츠지 신지,tsuji_shinji
리코리스 리코일,쿠루미,kurumi_(lycoris_recoil)
리코리스 리코일,후키,fuki_(lycoris_recoil)
리코리스 리코일,히가시야마 사쿠라,higashiyama_sakura
마기,모르지아나,Morgiana
마기,셰헤라자데,Scheherazade
마기,시바,Sheba
마기,아르바,Arba
마기,야무라이히,Yamraiha
마기,연백련,Hakuei_Ren
마기,연홍옥,Kougyoku_Ren
마법소녀 마도카 마기카,나기사 모모에,momoe_nagisa
마법소녀 마도카 마기카,미사키 사나,futaba_sana
마법소녀 마도카 마기카,미카즈키 카에데,mikazuki_kaede
마법소녀 마도카 마기카,미키 사야카,miki_sayaka
마법소녀 마도카 마기카,사쿠라 쿄코,sakura_kyouko
마법소녀 마도카 마기카,아오바 츠루노,aoba_tsuruno
마법소녀 마도카 마기카,아케미 호무라,akemi_homura
마법소녀 마도카 마기카,야치요 미루나,tamaki_iroha
마법소녀 마도카 마기카,야쿠모 미타마,yakumo_mitama
마법소녀 마도카 마기카,카나메 마도카,kaname_madoka
마법소녀 마도카 마기카,큐베,kyubey
마법소녀 마도카 마기카,토모에 마미,tomoe_mami
마법소녀 마도카 마기카,토오야마 무이,tooyama_mui
마법소녀 마도카 마기카,히이라기 후타바,hiiragi_futaba
마블 코믹스,X-23,x-23
마블 코믹스,그웬 스테이시,Gwen_Stacy
마블 코믹스,나타샤 로마노프,natasha_romanoff
마블 코믹스,대거,Dagger
마블 코믹스,데드풀,deadpool
마블 코믹스,도미노,domino_(marvel)
마블 코믹스,로그,Rogue
마블 코믹스,로라 키니,Laura_Kinney
마블 코믹스,루나 스노우,Luna_Snow
마블 코믹스,매리 제인 왓슨,mary_jane_watson
마블 코믹스,매직,Magik
마블 코믹스,메두사,Medusa
마블 코믹스,메리 제인,Mary_Jane
마블 코믹스,미스틱,Mystic
마블 코믹스,미즈마블,Ms._Marvel
마블 코믹스,발키리,Valkyrie
마블 코믹스,블랙 위도우,Black_Widow
마블 코믹스,블랙 캣,black_cat_(marvel)
마블 코믹스,블랙캣,Black_Cat
마블 코믹스,새티르 만,psylocke
마블 코믹스,쉬헐크,She-Hulk
마블 코믹스,스칼렛 위치,Scarlet_Witch
마블 코믹스,스톰,Storm
마블 코믹스,스파이더 그웬,Spider-Gwen
마블 코믹스,시디 문,moon_girl
마블 코믹스,실크,Silk
마블 코믹스,아라크네,spider-woman
마블 코믹스,엘렉트라,Elektra
마블 코믹스,엠마 프로스트,Emma_Frost
마블 코믹스,완다 막시모프,wanda_maximoff
마블 코믹스,인비저블 우먼,Invisible_Woman
마블 코믹스,제인 포스터,Jane_Foster
마블 코믹스,진 그레이,Jean_Grey
마블 코믹스,카말라 칸,kamala_khan
마블 코믹스,캐롤 댄버스,carol_danvers
마블 코믹스,캡틴 마블,Captain_Marvel
마블 코믹스,케이트 비숍,Kate_Bishop
마블 코믹스,키티 프라이드,Kate_Pryde
마블 코믹스,토르 (제인 포스터),thor_(jane_foster)
마블 코믹스,페리스 햄튼,felicia_hardy
마블 코믹스,화이트 폭스,White_Fox
마이 드레스 업 달링,고죠 와쿠와,gojou_wakana
마이 드레스 업 달링,고죠 카오루,gojou_kaoru
마이 드레스 업 달링,아카네,amane_(sono_bisque_doll)
마이 드레스 업 달링,이노이 사쥬나,inui_sajuna
마이 드레스 업 달링,이노이 시즈쿠,inui_shinju
마이 드레스 업 달링,키타가와 마린,kitagawa_marin
메이드 인 어비스,나나치,nanachi_(made_in_abyss)
메이드 인 어비스,레그,reg_(made_in_abyss)
메이드 인 어비스,리자,lyza_(made_in_abyss)
메이드 인 어비스,리코,riko_(made_in_abyss)
메이드 인 어비스,미티,mitty_(made_in_abyss)
메이드 인 어비스,벨라우,vueko
메이드 인 어비스,보 토두로크,bondrewd
메이드 인 어비스,오제,ozen
메이드 인 어비스,이리미,irumyuui
메이드 인 어비스,쿠 코토,faputa
메이드 인 어비스,토르가,torka_(made_in_abyss)
메이드 인 어비스,프루셰카,prushka
명일방주,Aak,aak_(arknights)
명일방주,Andreana,andreana_(arknights)
명일방주,Angelina,angelina_(arknights)
명일방주,Asbestos,asbestos_(arknights)
명일방주,Astgenne,astgenne_(arknights)
명일방주,Bagpipe,bagpipe_(arknights)
명일방주,Beagle,beagle_(arknights)
명일방주,Beanstalk,beanstalk_(arknights)
명일방주,Beehunter,beehunter_(arknights)
명일방주,Bibeak,bibeak_(arknights)
명일방주,Blaze,blaze_(arknights)
명일방주,Catapult,catapult_(arknights)
명일방주,Ceylon,ceylon_(arknights)
명일방주,Ch'en,ch'en_(arknights)
명일방주,Chongyue,chongyue_(arknights)
명일방주,Click,click_(arknights)
명일방주,Cliffheart,cliffheart_(arknights)
명일방주,Conviction,conviction_(arknights)
명일방주,Cuora,cuora_(arknights)
명일방주,Dusk,dusk_(arknights)
명일방주,Earthspirit,earthspirit_(arknights)
명일방주,Estelle,estelle_(arknights)
명일방주,Eunectes,eunectes_(arknights)
명일방주,Folinic,folinic_(arknights)
명일방주,FrostLeaf,frostleaf_(arknights)
명일방주,Glaucus,glaucus_(arknights)
명일방주,Goldenglow,goldenglow_(arknights)
명일방주,Gravel,gravel_(arknights)
명일방주,GreyThroat,greythroat_(arknights)
명일방주,Greyy,greyy_(arknights)
명일방주,Gummy,gummy_(arknights)
명일방주,Hellagur,hellagur_(arknights)
명일방주,Hibiscus,hibiscus_(arknights)
명일방주,Highmore,highmore_(arknights)
명일방주,Hung,hung_(arknights)
명일방주,Indra,indra_(arknights)
명일방주,Jaye,jaye_(arknights)
명일방주,La Pluma,la_pluma_(arknights)
명일방주,Lappland the Decadenza,lappland_the_decadenza
명일방주,Lava,lava_(arknights)
명일방주,Lin,lin_(arknights)
명일방주,Ling,ling_(arknights)
명일방주,Magallan,magallan_(arknights)
명일방주,Manticore,manticore_(arknights)
명일방주,Matterhorn,matterhorn_(arknights)
명일방주,Mayer,mayer_(arknights)
명일방주,Meteorite,meteorite_(arknights)
명일방주,Mizuki,mizuki_(arknights)
명일방주,Mlynar,mlynar_(arknights)
명일방주,Mostima,mostima_(arknights)
명일방주,Mudrock,mudrock_(arknights)
명일방주,Nian,nian_(arknights)
명일방주,NoirCorne,noir_corne_(arknights)
명일방주,Pallas,pallas_(arknights)
명일방주,Penance,penance_(arknights)
명일방주,Phantom,phantom_(arknights)
명일방주,Pinecone,pinecone_(arknights)
명일방주,Platinum,platinum_(arknights)
명일방주,Provence,provence_(arknights)
명일방주,Ptilopsis,ptilopsis_(arknights)
명일방주,Rangers,rangers_(arknights)
명일방주,Reed,reed_(arknights)
명일방주,Reed the Flame Shadow,reed_the_flame_shadow
명일방주,Roberta,roberta_(arknights)
명일방주,Saria,saria_(arknights)
명일방주,Schwarz,schwarz_(arknights)
명일방주,Shu,shu_(arknights)
명일방주,Skadi the Corrupting Heart,skadi_the_corrupting_heart
명일방주,Skyfire,skyfire_(arknights)
명일방주,Sora,sora_(arknights)
명일방주,Specter,specter_(arknights)
명일방주,Spot,spot_(arknights)
명일방주,Steward,steward_(arknights)
명일방주,Surtr,surtr_(arknights)
명일방주,Texas the Omertosa,texas_the_omertosa
명일방주,Tomimi,tomimi_(arknights)
명일방주,Vermeil,vermeil_(arknights)
명일방주,Vigna,vigna_(arknights)
명일방주,Vulcan,vulcan_(arknights)
명일방주,W,w_(arknights)
명일방주,Warfarin,warfarin_(arknights)
명일방주,Yato,yato_(arknights)
명일방주,나이팅게일,nightingale_(arknights)
명일방주,닥터,doctor_(arknights)
명일방주,란 페가수스,lappland_(arknights)
명일방주,리스카무,liskarm_(arknights)
명일방주,샤마레,shamare_(arknights)
명일방주,샤이닝,shining_(arknights)
명일방주,스즈란,suzuran_(arknights)
명일방주,스카디,skadi_(arknights)
명일방주,시로,siege_(arknights)
명일방주,실버애시,silverash_(arknights)
명일방주,아미야,amiya_(arknights)
명일방주,엑시아,exusiai_(arknights)
명일방주,위슬래시,whislash_(arknights)
명일방주,이스트워드,eyjafjalla_(arknights)
명일방주,일강,ifrit_(arknights)
명일방주,켈시,kal'tsit_(arknights)
명일방주,크라운슬레이어,crownslayer_(arknights)
명일방주,크로이아,croissant_(arknights)
명일방주,탈룰라,talulah_(arknights)
명일방주,텍사스,texas_(arknights)
명일방주,프란카,franka_(arknights)
명일방주,프로스트노바,frostnova_(arknights)
명일방주,호시구마,hoshiguma_(arknights)
무직전생,기레누 데돌디아,ghyslaine_dedoldia
무직전생,나나호시 시즈카,nanahoshi_shizuka
무직전생,노른 그레이래트,norn_greyrat
무직전생,라라 그레이래트,lara_greyrat
무직전생,록시 미굴디아,roxy_migurdia
무직전생,루데우스 그레이래트,rudeus_greyrat
무직전생,루시 그레이래트,lucy_greyrat
무직전생,리리아 그레이래트,lilia_greyrat
무직전생,실피에트,sylphiette
무직전생,아이샤 그레이래트,aisha_greyrat
무직전생,에리스 보레아스 그레이래트,eris_boreas_greyrat
무직전생,올스테드,orsted_(mushoku_tensei)
무직전생,자놀바,zanoba_shironu
무직전생,크리프 그라이몰,cliff_grimoire
무직전생,히토가미,hitogami_(mushoku_tensei)
미래일기,가사이 유노,Yuno_Gasai
미래일기,우류 미루네,Minene_Uryuu
미래일기,카스가노 츠바키,Tsubaki_Kasugano
방패용사 성공담,라프타리아,Raphtalia
방패용사 성공담,마르티 메르로마르크,Malty_S_Melromarc
방패용사 성공담,메르티 메르로마르크,Melty_Q_Melromarc
벨제부브,쿠니에다 아오이,Aoi_Kunieda
보컬로이드,CUL,cul_(vocaloid)
보컬로이드,GUMI,gumi_(vocaloid)
보컬로이드,IA,ia_(vocaloid)
보컬로이드,MAYU,mayu_(vocaloid)
보컬로이드,OLIVER,oliver_(vocaloid)
보컬로이드,SONIKA,sonika_(vocaloid)
보컬로이드,VFLOWER,v_flower
보컬로이드,VOCALOID 카가미네 미쿠오,kagamine_mikuo
보컬로이드,VY1,vy1
보컬로이드,VY2,vy2
보컬로이드,뉴포라 워시,neru_akita
보컬로이드,리리,lily_(vocaloid)
보컬로이드,메구리네 루카,megurine_luka
보컬로이드,메이코,meiko_(vocaloid)
보컬로이드,세에,see-u
보컬로이드,아쿠노 다이진,akuno_daijin
보컬로이드,아쿠노 메이드,akuno_meido
보컬로이드,아쿠노 무스메,akuno_musume
보컬로이드,아키타 네루,akita_neru
보컬로이드,야마하 미키,miki_(vocaloid)
보컬로이드,야미네 렌리,yamine_renri
보컬로이드,유즈키 유카리,yuzuki_yukari
보컬로이드,츠루마키 마키,tsurumaki_maki
보컬로이드,카가미네 렌,kagamine_len
보컬로이드,카가미네 린,kagamine_rin
보컬로이드,카이토,kaito_(vocaloid)
보컬로이드,코코네,kokone_(vocaloid)
보컬로이드,타카네 카나데,takane_kanade
보컬로이드,하츠네 미쿠,hatsune_miku
보컬로이드,후카세,fukase_(vocaloid)
봇치 더 락!,고토 토모키,gotou_tomoki
봇치 더 락!,고토 후타리,gotou_futari
봇치 더 락!,고토 히토리,gotou_hitori
봇치 더 락!,나카무라 시미,nakamura_shima
봇치 더 락!,야마다 료,yamada_ryou
봇치 더 락!,이지치 니지카,ijichi_nijika
봇치 더 락!,이지치 세이카,ijichi_seika
봇치 더 락!,키타 이쿠요,kita_ikuyo
봇치 더 락!,히로이 키쿠리,hiroi_kikuri
붕괴 3rd,그리세오,griseo_(honkai_impact)
붕괴 3rd,듀란달,durandal_(honkai_impact)
붕괴 3rd,라이덴 메이,raiden_mei
붕괴 3rd,로잘리,rozaliya_olenyeva
붕괴 3rd,리리야 켈리시야,liliya_olenyeva
붕괴 3rd,브로냐 자이치크,bronya_zaychik
붕괴 3rd,비안카,bianka_ataegina
붕괴 3rd,사르돈,sakura_yae_(honkai_impact)
붕괴 3rd,아포뉘아,aponia_(honkai_impact)
붕괴 3rd,앨리스,aurora_(honkai_impact)
붕괴 3rd,야에 리세,yae_rin
붕괴 3rd,야에 사쿠라,yae_sakura_(honkai_impact)
붕괴 3rd,엘리시아,elysia_(honkai_impact)
붕괴 3rd,오토 아포칼립스,otto_apocalypse
붕괴 3rd,이리타,rita_rossweisse
붕괴 3rd,이오아네,kalpas_(honkai_impact)
붕괴 3rd,제레 폴레라이,seele_vollerei
붕괴 3rd,카리오레,carole_peppers
붕괴 3rd,케빈 카슬라나,kevin_kaslana
붕괴 3rd,코스미,cosmis_(honkai_impact)
붕괴 3rd,키아나 카슬라나,kiana_kaslana
붕괴 3rd,테레사 아포칼립스,theresa_apocalypse
붕괴 3rd,팀치,timido_cute_(honkai_impact)
붕괴 3rd,패텐,pardofelis_(honkai_impact)
붕괴 3rd,프로메테우스,prometheus_(honkai_impact)
붕괴 3rd,후화,fu_hua
붕괴 3rd,히메코 무라타,murata_himeko
붕괴: 스타레일,3월의 토끼,march_7th_(honkai:_star_rail)
붕괴: 스타레일,개척자,trailblazer_(honkai:_star_rail)
붕괴: 스타레일,게파드,gepard_(honkai:_star_rail)
붕괴: 스타레일,기염,guinaifen
붕괴: 스타레일,나타샤,natasha_(honkai:_star_rail)
붕괴: 스타레일,단심,danshen_(honkai:_star_rail)
붕괴: 스타레일,단항,dan_heng_(honkai:_star_rail)
붕괴: 스타레일,로빈,robin_(honkai:_star_rail)
붕괴: 스타레일,미디우스,mydei_(honkai:_star_rail)
붕괴: 스타레일,미샤,misha_(honkai:_star_rail)
붕괴: 스타레일,미스터 큐,mr._yang_(honkai:_star_rail)
붕괴: 스타레일,백로,bailu_(honkai:_star_rail)
붕괴: 스타레일,부동,fu_xuan
붕괴: 스타레일,브로냐,bronya_rand
붕괴: 스타레일,블레이드,blade_(honkai:_star_rail)
붕괴: 스타레일,샘포,sampo_(honkai:_star_rail)
붕괴: 스타레일,센이,saber_(honkai:_star_rail)
붕괴: 스타레일,순,sunday_(honkai:_star_rail)
붕괴: 스타레일,스월호닉,sushang_(honkai:_star_rail)
붕괴: 스타레일,스파클,sparkle_(honkai:_star_rail)
붕괴: 스타레일,실버울프,silver_wolf_(honkai:_star_rail)
붕괴: 스타레일,싸이파,cipher_(honkai:_star_rail)
붕괴: 스타레일,아건,argenti_(honkai:_star_rail)
붕괴: 스타레일,아글라이아,aglaea_(honkai:_star_rail)
붕괴: 스타레일,아논,anaxa_(honkai:_star_rail)
붕괴: 스타레일,아벤츄린,aventurine_(honkai:_star_rail)
붕괴: 스타레일,아샤,asha_(honkai:_star_rail)
붕괴: 스타레일,야오시,yaoshi_(honkai:_star_rail)
붕괴: 스타레일,연경,yanqing_(honkai:_star_rail)
붕괴: 스타레일,월기,yueqi_(honkai:_star_rail)
붕괴: 스타레일,웰트,welt_yang
붕괴: 스타레일,음월,yinyue_(honkai:_star_rail)
붕괴: 스타레일,자라,asta_(honkai:_star_rail)
붕괴: 스타레일,저우즈,guinaifen_(honkai:_star_rail)
붕괴: 스타레일,정류운,jingliu_(honkai:_star_rail)
붕괴: 스타레일,정실,ruan_mei
붕괴: 스타레일,정운,jing_yuan
붕괴: 스타레일,제레,seele_(honkai:_star_rail)
붕괴: 스타레일,질리언,gillian_(honkai:_star_rail)
붕괴: 스타레일,천성,tianshu_(honkai:_star_rail)
붕괴: 스타레일,청자,tingyun_(honkai:_star_rail)
붕괴: 스타레일,카프카,kafka_(honkai:_star_rail)
붕괴: 스타레일,케스토스,castorice_(honkai:_star_rail)
붕괴: 스타레일,코코리아,cocolia_(honkai:_star_rail)
붕괴: 스타레일,키프로스,tribbie_(honkai:_star_rail)
붕괴: 스타레일,토파즈,topaz_(honkai:_star_rail)
붕괴: 스타레일,판,yukong_(honkai:_star_rail)
붕괴: 스타레일,페라,pela_(honkai:_star_rail)
붕괴: 스타레일,핑크스,phainon_(honkai:_star_rail)
붕괴: 스타레일,화로,luocha_(honkai:_star_rail)
붕괴: 스타레일,후오후오,huohuo_(honkai:_star_rail)
붕괴: 스타레일,후크,hook_(honkai:_star_rail)
붕괴: 스타레일,히메이,qingque_(honkai:_star_rail)
붕괴: 스타레일,히메코,himeko_(honkai:_star_rail)
붕괴: 스타레일,히아킨토스,hyacine_(honkai:_star_rail)
블랙 라군,레비,Revy(Black_Lagoon)
블랙 라군,로베르타,Roberta(Black_Lagoon)
블랙 라군,발라레이카,Balalaika(Black_Lagoon)
블랙 라군,쉔호아,Shenhua(Black_Lagoon)
블랙 라군,에다,Eda(Black_Lagoon)
블랙 라군,제인,Jane(Black_Lagoon)
블랙 라군,프레데리카 소여,Frederica_Sawyer(Black_Lagoon)
블랙 라군,헨젤과 그레텔,Hänsel_and_Gretel(Black_Lagoon)
블랙 불릿,성천자,Seitenshi
블랙 불릿,아이하라 엔쥬,Enju_Aihara
블랙 불릿,텐도 키사라,Kisara_Tendo
블랙 불릿,티나 스프라우트,Tina_Sprout
블랙 클로버,노엘 실버,Noelle_Silva
블랙 클로버,메레오레오나 버밀리온,Mereoleona_Vermillion
블랙 클로버,미모사 버밀리온,Mimosa_Vermillion
블랙 클로버,샬롯 로즈레이,Charlotte_Roselei
블루 아카이브,나기사,nagisa_(blue_archive)
블루 아카이브,나츠,natsu_(blue_archive)
블루 아카이브,네루,neru_(blue_archive)
블루 아카이브,노아,noa_(blue_archive)
블루 아카이브,니노,nonomi_(blue_archive)
블루 아카이브,니노미야 시즈코,shizuko_(blue_archive)
블루 아카이브,렌게,renge_(blue_archive)
블루 아카이브,리오,rio_(blue_archive)
블루 아카이브,리코,reisa_(blue_archive)
블루 아카이브,마키,maki_(blue_archive)
블루 아카이브,모모이,momoi_(blue_archive)
블루 아카이브,무츠키,mutsuki_(blue_archive)
블루 아카이브,미나,mina_(blue_archive)
블루 아카이브,미네,mine_(blue_archive)
블루 아카이브,미도리,midori_(blue_archive)
블루 아카이브,미모리,mimori_(blue_archive)
블루 아카이브,미사카,misa_(blue_archive)
블루 아카이브,미사키,misaki_(blue_archive)
블루 아카이브,미아,mia_(blue_archive)
블루 아카이브,미야코,miyako_(blue_archive)
블루 아카이브,미요,miyu_(blue_archive)
블루 아카이브,미치루,michiru_(blue_archive)
블루 아카이브,미카,mika_(blue_archive)
블루 아카이브,미카 (메이드),mika_(maid)_(blue_archive)
블루 아카이브,미카게,mikage_(blue_archive)
블루 아카이브,미카미,mikamo_(blue_archive)
블루 아카이브,사쿠라코,sakurako_(blue_archive)
블루 아카이브,선생,sensei_(blue_archive)
블루 아카이브,세리카,serika_(blue_archive)
블루 아카이브,세이아,seia_(blue_archive)
블루 아카이브,쇼우코,shouko_(blue_archive)
블루 아카이브,스미레,sumire_(blue_archive)
블루 아카이브,스즈미,suzumi_(blue_archive)
블루 아카이브,시로코,shiroko_(blue_archive)
블루 아카이브,시로코 (사이버),shiroko_(cycling)_(blue_archive)
블루 아카이브,아로나,arona_(blue_archive)
블루 아카이브,아루,aru_(blue_archive)
블루 아카이브,아루 (드레스),aru_(dress)_(blue_archive)
블루 아카이브,아루 (신년),aru_(new_year)_(blue_archive)
블루 아카이브,아리스,aris_(blue_archive)
블루 아카이브,아스나,asuna_(blue_archive)
블루 아카이브,아스나 (밴드),asuna_(band)_(blue_archive)
블루 아카이브,아야네,ayane_(blue_archive)
블루 아카이브,아유미,ayumi_(blue_archive)
블루 아카이브,아이리,airi_(blue_archive)
블루 아카이브,아즈사,azusa_(blue_archive)
블루 아카이브,아카네,akane_(blue_archive)
블루 아카이브,아카네 (밴드),akane_(band)_(blue_archive)
블루 아카이브,아카리,akari_(blue_archive)
블루 아카이브,야쿠모,yakumo_(blue_archive)
블루 아카이브,에덴,decalcomanie_(blue_archive)
블루 아카이브,우이,ui_(blue_archive)
블루 아카이브,우타하,utaha_(blue_archive)
블루 아카이브,유즈,yuzu_(blue_archive)
블루 아카이브,이로하,iroha_(blue_archive)
블루 아카이브,이오리,iori_(blue_archive)
블루 아카이브,이즈나,izuna_(blue_archive)
블루 아카이브,이즈미,izumi_(blue_archive)
블루 아카이브,준,juri_(blue_archive)
블루 아카이브,준코,junko_(blue_archive)
블루 아카이브,츠루기,tsurugi_(blue_archive)
블루 아카이브,츠바키,tsubaki_(blue_archive)
블루 아카이브,츠바키 (수영복),tsubaki_(swimsuit)_(blue_archive)
블루 아카이브,치아키,chiaki_(blue_archive)
블루 아카이브,카요코,kayoko_(blue_archive)
블루 아카이브,케이,kei_(blue_archive)
블루 아카이브,코코나,kokona_(blue_archive)
블루 아카이브,코코미,kokomi_(blue_archive)
블루 아카이브,코토리,kotori_(blue_archive)
블루 아카이브,코토마,kotama_(blue_archive)
블루 아카이브,코하루,koharu_(blue_archive)
블루 아카이브,키리노,kirino_(blue_archive)
블루 아카이브,키사키,kisaki_(blue_archive)
블루 아카이브,키사키 (게임웨어),kisaki_(gamewear)_(blue_archive)
블루 아카이브,토모에,tomoe_(blue_archive)
블루 아카이브,토키,toki_(blue_archive)
블루 아카이브,플랜,plana_(blue_archive)
블루 아카이브,하루카,haruka_(blue_archive)
블루 아카이브,호나미,hanae_(blue_archive)
블루 아카이브,호시노,hoshino_(blue_archive)
블루 아카이브,호시노 (배틀),hoshino_(battle)_(blue_archive)
블루 아카이브,호시노 (수영복),hoshino_(swimsuit)_(blue_archive)
블루 아카이브,호우코,horomi_(blue_archive)
블루 아카이브,후카,fuuka_(blue_archive)
블루 아카이브,히나,hina_(blue_archive)
블루 아카이브,히나 (드레스),hina_(dress)_(blue_archive)
블루 아카이브,히나 (수영복),hina_(swimsuit)_(blue_archive)
블루 아카이브,히나리,hinari_(blue_archive)
블루 아카이브,히나타,hinata_(blue_archive)
블루 아카이브,히로,hiro_(blue_archive)
블루 아카이브,히마리,himari_(blue_archive)
블루 아카이브,히마와리,himawari_(blue_archive)
블루 아카이브,히메리,himeri_(blue_archive)
블루 아카이브,히야마,hiyori_(blue_archive)
블루 아카이브,히유 사노,sano_hiyori_(blue_archive)
블루 아카이브,히후미,hifumi_(blue_archive)
블리치,그림조 자거자크,grimmjow_jaegerjaquez
블리치,네리엘 투 오델슈방크,Nelliel_Tu_Odelschwanck
블리치,도쿠가미네 리루카,Riruka_Dokugamine
블리치,리리넷 진저벅,Lilynette_Gingerbuck
블리치,릴토토 램퍼드,Liltotto_Lamperd
블리치,마츠모토 란기쿠,Rangiku_Matsumoto
블리치,미니냐 매컬론,Meninas_McAllon
블리치,미라 로즈,mila_rose
블리치,밤비에타 바스터바인,Bambietta_Basterbine
블리치,선순,sung-sun
블리치,소이퐁,Suì-Fēng
블리치,시바 쿠우카쿠,Kūkaku_Shiba
블리치,시호인 요루이치,Yoruichi_Shihōin
블리치,아바라이 렌지,abarai_renji
블리치,아이젠 소우스케,aizen_sousuke
블리치,아폴로,apacci
블리치,야도마루 리사,Lisa_Yadōmaru
블리치,야마모토 겐류사이,yamamoto_genryuusai
블리치,우나기야 이쿠미,Ikumi_Unagiya
블리치,우노하나 레츠,Retsu_Unohana
블리치,우라하라 키스케,urahara_kisuke
블리치,우키타케 쥬시로,ukitake_juushirou
블리치,울키오라 시퍼,ulquiorra_cifer
블리치,이노우에 오리히메,inoue_orihime
블리치,이노우에 오히리메,Orihime_Inoue
블리치,이세 나아오,Nanao_Ise
블리치,이치마루 긴,ichimaru_gin
블리치,자라키 켄파치,zaraki_kenpachi
블리치,쟈쿠루 마키히사,yadoumaru_lisa
블리치,지젤 쥬엘,Giselle_Gewelle
블리치,캔디스 캐트닙,Candice_Catnipp
블리치,코테츠 이사네,Isane_Kotetsu
블리치,코토에 이세메,kotetsu_isane
블리치,코토에 키요네,kotetsu_kiyone
블리치,쿄라쿠 슌스이,kyouraku_shunsui
블리치,쿠로사키 유즈,kurosaki_yuzu
블리치,쿠로사키 이치고,kurosaki_ichigo
블리치,쿠로사키 카린,kurosaki_karin
블리치,쿠로츠지 네무,Nemu_Kurotsuchi
블리치,쿠로츠치 네무,kurotsuchi_nemu
블리치,쿠로츠치 마유리,kurotsuchi_mayuri
블리치,쿠사지시 야치루,kusajishi_yachiru
블리치,쿠치키 루키아,Rukia_Kuchiki
블리치,쿠치키 뱌쿠야,kuchiki_byakuya
블리치,토우센 카나메,tousen_kaname
블리치,티아 할리벨,Tier_Harribel
블리치,할리벨,tia_harribel
블리치,히나모리 모모,hinamori_momo
블리치,히츠가야 토시로,hitsugaya_toushirou
사에카노,사와무라 스펜서 에리리,sawamura_spencer_eriri
사에카노,아키 토모야,aki_tomoya
사에카노,카스미가오카 우타하,kasumigaoka_utaha
사에카노,카토 메구미,kato_megumi
사에카노,하시마 이즈미,hashima_izumi
사에카노,효도 미치루,hyoudou_michiru
새여동생 마왕의 계약자,나루세 마리아,Maria_Naruse
새여동생 마왕의 계약자,나루세 미오,Mio_Naruse
새여동생 마왕의 계약자,노나카 유키,Yuki_Nonaka
새여동생 마왕의 계약자,노나카 쿠루미,Kurumi_Nonaka
새여동생 마왕의 계약자,제스트,Zest
새여동생 마왕의 계약자,하세가와 치사토,Chisato_Hasegawa
소드 아트 온라인,시노자키 리카,Shinozaki_Rika
소드 아트 온라인,아사다 시노,Asada_Shino
소드 아트 온라인,아야노 케이코,Ayano_Keiko
소드 아트 온라인,앨리스 신서시스 서티,Alice_Zuberg
소드 아트 온라인,유우키 아스나,Yuuki_Asuna
소드 아트 온라인,콘노 유우키,Konno_Yuuki
소드 아트 온라인,키리가하 스구하,Kirigaya_Suguha
소드 아트 온라인,키리코,kiriko
소울 이터,나카츠카사 츠바키,Tsubaki_Nakatsukasa
소울 이터,마리에 묠니르,Marie_Mjolnir
소울 이터,마카 알반,Maka_Albarn
소울 이터,메두사 고르곤,Medusa_Gorgon
소울 이터,블레어,Blair
소울 이터,아라크네 고르곤,Arachne_Gorgon
소울 이터,엘리자베스 톰슨,Elizabeth_Thompson
소울 이터,패트리시아 톰슨,Patricia_Thompson
슈타인즈 게이트,마키세 크리스,makise_kurisu
슈타인즈 게이트,시이나 마유리,shiina_mayuri
슈타인즈 게이트,아마네 스즈하,amane_suzuha
슈타인즈 게이트,아키하 룸미호,akiha_rumiho
슈타인즈 게이트,오카베 린타로,okabe_rintarou
슈타인즈 게이트,우라시바라 루카,urushibara_ruka
슈타인즈 게이트,키류 모에카,kiryuu_moeka
슈타인즈 게이트,페이리스 냐냐,faris_nyannyan
슈타인즈 게이트,하시다 이타루,hashida_itaru
스트라이크 더 블러드,라 포리아 리하바인,La_Folia_Rihavein
스트라이크 더 블러드,미나미야 나츠키,Natsuki_Minamiya
스트라이크 더 블러드,아브로라 프로레스티나,Avrora_Florestina
스트라이크 더 블러드,아스타르테,Astarte
스트라이크 더 블러드,아이바 아사기,Asagi_Aiba
스트라이크 더 블러드,아카츠키 나기사,Nagisa_Akatsuki
스트라이크 더 블러드,아카츠키 레이나,Reina_Akatsuki
스트라이크 더 블러드,카나세 카논,Kanon_Kanase
스트라이크 더 블러드,카스가야 시즈리 카스티엘라,Kasugaya_Shizuri_Castiella
스트라이크 더 블러드,키라사카 사야카,Sayaka_Kirasaka
스트라이크 더 블러드,키사키 키아하,Kiriha_Kisaki
스트라이크 더 블러드,토코요기 유마,Yuuma_Tokoyogi
스트라이크 더 블러드,포리포니아 리하바인,Polifonia_Rihavein
스파이 패밀리,베키 블랙벨,Becky_Blackbell
스파이 패밀리,실비아 셔우드,Sylvia_Sherwood
스파이 패밀리,아냐 포저,Anya_Forger
스파이 패밀리,요르 포저,Yor_Forger
스파이 패밀리,피오나 프로스트,Fiona_Frost
식극의 소마,나키리 레오노라,Leonora_Nakiri
식극의 소마,나키리 아리스,Alice_Nakiri
식극의 소마,나키리 에리나,Erina_Nakiri
식극의 소마,미토 이쿠미,Ikumi_Mito
식극의 소마,사사키 료코,Ryōko_Sakaki
식극의 소마,요시노 유키,Yūki_Yoshino
식극의 소마,코바야시 린도,Rindō_Kobayashi
식극의 소마,타도코로 메구미,Megumi_Tadokoro
아이돌마스터,가나하 히비키,ganaha_hibiki
아이돌마스터,게이 미츠루,tsukimura_temari
아이돌마스터,나노세 마츠리,nanase_matsuri
아이돌마스터,나카노 유카,nakano_yuka
아이돌마스터,림 유아,rin
아이돌마스터,모가미 시즈카,mogami_shizuka
아이돌마스터,미나세 이오리,minase_iori
아이돌마스터,미사키 사요코,mizuki_seira
아이돌마스터,미야모토 프레데리카,miyamoto_frederica
아이돌마스터,미와 안 안,miwa_anan
아이돌마스터,미우라 아즈사,miura_azusa
아이돌마스터,산도 사시히로,sonoda_chiyoko
아이돌마스터,쇼지 츠바사,shouji_tsubasa
아이돌마스터,스즈키 토우,suzuki_tou
아이돌마스터,시마무라 우즈키,shimamura_uzuki
아이돌마스터,시부야 린,shibuya_rin
아이돌마스터,아마미 하루카,amami_haruka
아이돌마스터,아베 나나,abe_nana
아이돌마스터,아이카와 치나츠,aikawa_chinatsu
아이돌마스터,아카기 미라이,tachibana_arisu
아이돌마스터,아키즈키 리츠코,akizuki_ritsuko
아이돌마스터,오오이시 이즈미,ooishi_izumi
아이돌마스터,우즈키 카오리,kishi_nagisa
아이돌마스터,이가라시 카코,igarashi_kyoko
아이돌마스터,쟈루타 노자,ranko_kanzaki
아이돌마스터,죠가사키 리카,jougasaki_rika
아이돌마스터,쥬뉴 안즈,futaba_anzu
아이돌마스터,진구지 시즈카,jougasaki_mika
아이돌마스터,칸자키 란코,kanzaki_ranko
아이돌마스터,코바야가와 사에,kobayakawa_sae
아이돌마스터,키리에 히마와리,anastasia_(idolmaster)
아이돌마스터,키사라기 치하야,kisaragi_chihaya
아이돌마스터,키쿠치 마코토,kikuchi_makoto
아이돌마스터,키타카미 레이카,kitakami_reika
아이돌마스터,타나카 코토하,tanaka_kotoha
아이돌마스터,타치바나 메구미,ichikawa_hinana
아이돌마스터,타카가키 카에데,takagaki_kaede
아이돌마스터,타카모리 아이코,takamori_aiko
아이돌마스터,타카츠노 마노,yukoku_kiriko
아이돌마스터,타카츠키 야요이,takatsuki_yayoi
아이돌마스터,토쿠가와 마츠리,tokugawa_matsuri
아이돌마스터,호시이 미키,hoshii_miki
아이돌마스터,호시카와 사라,hoshikawa_sara
아이돌마스터,호조 카렌,shijou_takane
아이돌마스터,혼다 미오,honda_mio
아이돌마스터,후지모토 리나,fujimoto_rina
아이돌마스터,후카자와 츠뮤기,fukazawa_tsumugi
아이돌마스터,후키이 코토미,fukuda_noriko
아이돌마스터,후타미 마미,futami_mami
아이돌마스터,후타미 아미,futami_ami
아이돌마스터,히이라기 메이,kuwayama_chiyuki
아즈렌,U-110,u-110_(azur_lane)
아즈렌,U-47,u-47_(azur_lane)
아즈렌,U-556,u-556_(azur_lane)
아즈렌,U-81,u-81_(azur_lane)
아즈렌,괌,guam_(azur_lane)
아즈렌,그라프 체펠린,graf_zeppelin_(azur_lane)
아즈렌,나가토,nagato_(azur_lane)
아즈렌,뉴올리언스,new_orleans_(azur_lane)
아즈렌,뉴저지,new_jersey_(azur_lane)
아즈렌,듀크 오브 요크,duke_of_york_(azur_lane)
아즈렌,드레이크,drake_(azur_lane)
아즈렌,렉싱턴,lexington_(azur_lane)
아즈렌,마야,maya_(azur_lane)
아즈렌,매사추세츠,massachusetts_(azur_lane)
아즈렌,무라사메,murasame_(azur_lane)
아즈렌,무츠,mutsu_(azur_lane)
아즈렌,미네아폴리스,minneapolis_(azur_lane)
아즈렌,미코구로 미,mikasa_(azur_lane)
아즈렌,벨파스트,belfast_(azur_lane)
아즈렌,볼티모어,baltimore_(azur_lane)
아즈렌,브레머튼,bremerton_(azur_lane)
아즈렌,브룩클린,brooklyn_(azur_lane)
아즈렌,비스마르크,bismarck_(azur_lane)
아즈렌,빅토리어스,victorious_(azur_lane)
아즈렌,사라토가,saratoga_(azur_lane)
아즈렌,사미다레,samidare_(azur_lane)
아즈렌,사우스다코타,south_dakota_(azur_lane)
아즈렌,산디에고,san_diego_(azur_lane)
아즈렌,샹그릴라,shangri-la_(azur_lane)
아즈렌,센티놀,centaur_(azur_lane)
아즈렌,쇼카쿠,shoukaku_(azur_lane)
아즈렌,시구레,shigure_(azur_lane)
아즈렌,시라유키,shirayuki_(azur_lane)
아즈렌,시키나미,shikinami_(azur_lane)
아즈렌,아스토리아,astoria_(azur_lane)
아즈렌,아야나미,ayanami_(azur_lane)
아즈렌,아이오와,iowa_(azur_lane)
아즈렌,아카기,akagi_(azur_lane)
아즈렌,아카기 무스메,akagi-chan_(azur_lane)
아즈렌,아카츠키,akatsuki_(azur_lane)
아즈렌,아타고,atago_(azur_lane)
아즈렌,애틀랜타,atlanta_(azur_lane)
아즈렌,앤슨,anson_(azur_lane)
아즈렌,앵커리지,anchorage_(azur_lane)
아즈렌,야마시로,yamashiro_(azur_lane)
아즈렌,어드미럴 그라프 슈페,admiral_graf_spee_(azur_lane)
아즈렌,어드미럴 힙퍼,admiral_hipper_(azur_lane)
아즈렌,얼라스카,alaska_(azur_lane)
아즈렌,엔터프라이즈,enterprise_(azur_lane)
아즈렌,요크타운,yorktown_(azur_lane)
아즈렌,워스파이트,warspite_(azur_lane)
아즈렌,워싱턴,washington_(azur_lane)
아즈렌,위치타,wichita_(azur_lane)
아즈렌,유우다치,yuudachi_(azur_lane)
아즈렌,이글,eagle_(azur_lane)
아즈렌,이나즈마,inazuma_(azur_lane)
아즈렌,이카즈치,ikazuchi_(azur_lane)
아즈렌,인디애나폴리스,indianapolis_(azur_lane)
아즈렌,일러스트리어스,illustrious_(azur_lane)
아즈렌,쥬노,juneau_(azur_lane)
아즈렌,즈이카쿠,zuikaku_(azur_lane)
아즈렌,초카이,choukai_(azur_lane)
아즈렌,카가,kaga_(azur_lane)
아즈렌,카가 무스메,kaga-chan_(azur_lane)
아즈렌,클리블랜드,cleveland_(azur_lane)
아즈렌,타카오,takao_(azur_lane)
아즈렌,티르피츠,tirpitz_(azur_lane)
아즈렌,페놀라,pensacola_(azur_lane)
아즈렌,페닉스,phoenix_(azur_lane)
아즈렌,포미더블,formidable_(azur_lane)
아즈렌,포틀랜드,portland_(azur_lane)
아즈렌,프리드리히 데어 그로세,friedrich_der_grosse_(azur_lane)
아즈렌,프린스 오브 웨일즈,prince_of_wales_(azur_lane)
아즈렌,프린츠 오이겐,prinz_eugen_(azur_lane)
아즈렌,헬레나,helena_(azur_lane)
아즈렌,호넷,hornet_(azur_lane)
아즈렌,후드,hood_(azur_lane)
아즈렌,후부키,fubuki_(azur_lane)
아즈렌,후소,fusou_(azur_lane)
아즈렌,히부키,hibiki_(azur_lane)
아카메가 벤다,나젠다,Najenda
아카메가 벤다,레오네,Leone
아카메가 벤다,마인,Mine
아카메가 벤다,셰레,Sheele
아카메가 벤다,아카메,Akame
아카메가 벤다,에스데스,Esdeath
아카메가 벤다,첼시,Chelsea
아카메가 벤다,쿠로메,Kurome
어떤 마술과학의 시리즈,라스트 오더,Last_Order
어떤 마술과학의 시리즈,레이비니아 버드웨이,Leivinia_Birdway
어떤 마술과학의 시리즈,루치아,Lucia
어떤 마술과학의 시리즈,리바리아 위그날,lessar_(toaru_majutsu_no_index)
어떤 마술과학의 시리즈,마이크 호크,kongou_mitsuko
어떤 마술과학의 시리즈,무기노 시즈리,Mugino_Shizuri
어떤 마술과학의 시리즈,미사카 9982,misaka_9982
어떤 마술과학의 시리즈,미사카 미스즈,Misaka_Misuzu
어떤 마술과학의 시리즈,미사카 미코토,Misaka_Mikoto
어떤 마술과학의 시리즈,미사카 워스트,misaka_worst
어떤 마술과학의 시리즈,사샤 크로이체프,Sasha_Kreutzev
어떤 마술과학의 시리즈,사텐 루이코,saten_ruiko
어떤 마술과학의 시리즈,쇼쿠호 미사키,Shokuhou_Misaki
어떤 마술과학의 시리즈,쉐리 크롬웰,Sherry_Cromwell
어떤 마술과학의 시리즈,스티유르 마글너스,stiyl_magnus
어떤 마술과학의 시리즈,시라이 쿠로코,shirai_kuroko
어떤 마술과학의 시리즈,아녜제 상크티스,Agnese_Sanctis
어떤 마술과학의 시리즈,악셀러레이터,accelerator_(toaru_majutsu_no_index)
어떤 마술과학의 시리즈,안젤레네,Angelene
어떤 마술과학의 시리즈,오티누스,Othinus
어떤 마술과학의 시리즈,올리비아 톰슨,Oriana_Thomson
어떤 마술과학의 시리즈,올소라 아퀴나스,Orsola_Aquinas
어떤 마술과학의 시리즈,우이하루 카자리,uiharu_kazari
어떤 마술과학의 시리즈,이마기노 후미카,imagino_fumika
어떤 마술과학의 시리즈,이츠와,Itsuwa
어떤 마술과학의 시리즈,인덱스,Index_Librorum_Prohibitorum
어떤 마술과학의 시리즈,카미조 시이나,Kamijou_Shiina
어떤 마술과학의 시리즈,카오스 폼퍼티,carissa_(toaru_majutsu_no_index)
어떤 마술과학의 시리즈,카자키리 호우카,Kazakiri_Hyouka
어떤 마술과학의 시리즈,칸자키 카오리,Kanzaki_Kaori
어떤 마술과학의 시리즈,토오마,kamijou_touma
어떤 마술과학의 시리즈,프레메아 세이베른,fremea_seivelun
어떤 마술과학의 시리즈,프렌다 세이베른,Frenda_Seivelun
어떤 마술과학의 시리즈,프로젝트 클론 미사카,misaka_imouto
어떤 마술과학의 시리즈,호카제 준코,Hokaze_Junko
어떤 마술과학의 시리즈,후키요세 세이리,Fukiyose_Seiri
어떤 마술과학의 시리즈,히마와리 알리스,alice_anotherbible
에반게리온,마키나미 마리 일러스트리어스,Mari_Makinami_Illustrious
에반게리온,소류 아스카 그랑에이,Asuka_Langley_Soryu
에반게리온,시키나미 아스카 그랑레이,Asuka_Shikinami_Langley
에반게리온,아야나미 레이,Rei_Ayanami
에반게리온,아카기 리츠코,Ritsuko_Akagi
에반게리온,카츠라기 미사토,Misato_Katsuragi
오버로드,라나 티엘 샬드론 라일 바이셀프,Renner_Theiere_Chardelon_Ryle_Vaiself
오버로드,루푸스레기나 베타,Lupusregina_Beta
오버로드,마레 벨로 피오레,Mare_Bello_Fiore
오버로드,샤르티아 블러드폴른,Shalltear_Bloodfallen
오버로드,솔루션 엡실론,Solution_Epsilon
오버로드,아우라 벨라 피오라,Aura_Bella_Fiora
오버로드,알베도,Albedo
오버로드,엔토마 바실리사 제타,Entoma_Vasilissa_Zeta
오버로드,유리 알파,Yuri_Alpha
오버로드,이블아이,Evileye
오버로드,클레만티느,Clementine
우마무스메 프리티 더비,골드 십,gold_ship_(umamusume)
우마무스메 프리티 더비,그래스 원더,grass_wonder_(umamusume)
우마무스메 프리티 더비,나리타 브라이언,narita_brian_(umamusume)
우마무스메 프리티 더비,나리타 빈센트,danon_premium_(umamusume)
우마무스메 프리티 더비,나리타 타이신,narita_taishin_(umamusume)
우마무스메 프리티 더비,나리타 탑로드,narita_top_road_(umamusume)
우마무스메 프리티 더비,나카야마 페스타,nakayama_festa_(umamusume)
우마무스메 프리티 더비,다이와 스칼렛,daiwa_scarlet_(umamusume)
우마무스메 프리티 더비,도토 코마쿠라,do_tora_(umamusume)
우마무스메 프리티 더비,듀란달,duramente_(umamusume)
우마무스메 프리티 더비,리유 한자,rice_shower_(umamusume)
우마무스메 프리티 더비,마야노 톱건,mayano_top_gun_(umamusume)
우마무스메 프리티 더비,매닉커 V,manhattan_cafe_(umamusume)
우마무스메 프리티 더비,매트크리스 골드,matikanetannhauser_(umamusume)
우마무스메 프리티 더비,메지로 라이언,mejiro_ryan_(umamusume)
우마무스메 프리티 더비,메지로 맥퀸,mejiro_mcqueen_(umamusume)
우마무스메 프리티 더비,메지로 아르단,mejiro_ardan_(umamusume)
우마무스메 프리티 더비,메지로 파머,mejiro_palmer_(umamusume)
우마무스메 프리티 더비,멘솔리 메라쿠,smart_falcon_(umamusume)
우마무스메 프리티 더비,멘토르히메,mejiro_dober_(umamusume)
우마무스메 프리티 더비,미스터 시비,mr._cb_(umamusume)
우마무스메 프리티 더비,미호노 부르봉,mihono_bourbon_(umamusume)
우마무스메 프리티 더비,보드카,vodka_(umamusume)
우마무스메 프리티 더비,사 사키 케이코,sakura_chiyono_o_(umamusume)
우마무스메 프리티 더비,사일런스 스즈카,silence_suzuka_(umamusume)
우마무스메 프리티 더비,사쿠라 로렐,sakura_laurel_(umamusume)
우마무스메 프리티 더비,사쿠라 바쿠신 오,sakura_bakushin_o_(umamusume)
우마무스메 프리티 더비,사토노 크라운,satono_crown_(umamusume)
우마무스메 프리티 더비,사툰 다이아,satono_diamond_(umamusume)
우마무스메 프리티 더비,세이운 스카이,seiun_sky_(umamusume)
우마무스메 프리티 더비,스즈카 골드,suzuka_gold_(umamusume)
우마무스메 프리티 더비,스페셜 위크,special_week_(umamusume)
우마무스메 프리티 더비,심볼리 루돌프,symboli_rudolf_(umamusume)
우마무스메 프리티 더비,심볼리 크리스 에스,symboli_kris_s_(umamusume)
우마무스메 프리티 더비,아그네스 디지털,agnes_digital_(umamusume)
우마무스메 프리티 더비,아그네스 타키온,agnes_tachyon_(umamusume)
우마무스메 프리티 더비,아드미야 그루브,admire_groove_(umamusume)
우마무스메 프리티 더비,아드미야 베가,admire_vega_(umamusume)
우마무스메 프리티 더비,아오와스피아 럭키,tama_modo_aozora_(umamusume)
우마무스메 프리티 더비,야에노 무테키,yaeno_muteki_(umamusume)
우마무스메 프리티 더비,에어 그루브,air_groove_(umamusume)
우마무스메 프리티 더비,엘 콘도르 파사,el_condor_pasa_(umamusume)
우마무스메 프리티 더비,오구리 캡,oguri_cap_(umamusume)
우마무스메 프리티 더비,위닝 티켓,winning_ticket_(umamusume)
우마무스메 프리티 더비,이쿠노 딕터스,ikuno_dictus_(umamusume)
우마무스메 프리티 더비,진다이 파오,shinko_windy_(umamusume)
우마무스메 프리티 더비,츠루기노 야에,tsurugi_no_yaeno_(umamusume)
우마무스메 프리티 더비,츠루마루 츠요시,tsurumaru_tsuyoshi_(umamusume)
우마무스메 프리티 더비,츠모 오토 토마토,twin_turbo_(umamusume)
우마무스메 프리티 더비,츠바키노 마더에,biwa_hayahide_(umamusume)
우마무스메 프리티 더비,코파노 리키,copano_rickey_(umamusume)
우마무스메 프리티 더비,쿠림손글로리,curren_chan_(umamusume)
우마무스메 프리티 더비,크리크 콜,creek_paddock_(umamusume)
우마무스메 프리티 더비,키타산 블랙,kitasan_black_(umamusume)
우마무스메 프리티 더비,타이키 셔틀,taiki_shuttle_(umamusume)
우마무스메 프리티 더비,탭 댄스 시티,tap_dance_city_(umamusume)
우마무스메 프리티 더비,토카이 테이오,tokai_teio_(umamusume)
우마무스메 프리티 더비,후지 키세키,fuji_kiseki_(umamusume)
우마무스메 프리티 더비,히시 미라클,hishi_miracle_(umamusume)
우마무스메 프리티 더비,히시 아마존,hishi_amazon_(umamusume)
우마무스메 프리티 더비,히시 아케보노,hishi_akebono_(umamusume)
우마무스메 프리티 더비,힌델 베르크 옴마,buena_vista_(umamusume)
우마무스메 프리티 더비,힘노가야 후미오,fine_motion_(umamusume)
원신,가명,gaming_(genshin_impact)
원신,각청,keqing_(genshin_impact)
원신,감우,ganyu_(genshin_impact)
원신,고로,gorou_(genshin_impact)
원신,나가노하라 요이미야,yoimiya_(genshin_impact)
원신,나비아,navia_(genshin_impact)
원신,나히다,nahida_(genshin_impact)
원신,노엘,noelle_(genshin_impact)
원신,느비예트,neuvillette_(genshin_impact)
원신,니무,nilou_(genshin_impact)
원신,다이루크,diluc_(genshin_impact)
원신,다인슬레이프,dainsleif_(genshin_impact)
원신,달인,dahlia_(genshin_impact)
원신,데히야,dehya_(genshin_impact)
원신,도리,dori_(genshin_impact)
원신,디오나,diona_(genshin_impact)
원신,라 시뇨라,la_signora_(genshin_impact)
원신,라이덴 쇼군,raiden_shogun
원신,람야,lan_yan_(genshin_impact)
원신,레이저,razor_(genshin_impact)
원신,레일라,layla_(genshin_impact)
원신,로사,rosa_(genshin_impact)
원신,로자리아,rosaria_(genshin_impact)
원신,루미네,lumine_(genshin_impact)
원신,리네트,lynette_(genshin_impact)
원신,리니,lyney_(genshin_impact)
원신,리사,lisa_(genshin_impact)
원신,리오슬리,wriothesley_(genshin_impact)
원신,마비카,mavuika_(genshin_impact)
원신,모나,mona_(genshin_impact)
원신,무알라니,mualani_(genshin_impact)
원신,미카,mika_(genshin_impact)
원신,바레사,varesa_(genshin_impact)
원신,바바라,barbara_(genshin_impact)
원신,방랑자,wanderer_(genshin_impact)
원신,백출,baizhu_(genshin_impact)
원신,벤넷,bennett_(genshin_impact)
원신,벤티,venti_(genshin_impact)
원신,북두,beidou_(genshin_impact)
원신,사유,sayu_(genshin_impact)
원신,사이노,cyno_(genshin_impact)
원신,산고노미야 코코미,sangonomiya_kokomi
원신,샤를로트,charlotte_(genshin_impact)
원신,샤스카,chasca_(genshin_impact)
원신,세토스,sethos_(genshin_impact)
원신,소,xiao_(genshin_impact)
원신,수크로스,sucrose_(genshin_impact)
원신,슈브뢰즈,chevreuse_(genshin_impact)
원신,스커크,skirk_(genshin_impact)
원신,시그윈,sigewinne_(genshin_impact)
원신,시카노인 헤이조,shikanoin_heizou
원신,시틀랄리,citlali_(genshin_impact)
원신,신염,xinyan_(genshin_impact)
원신,신학,shenhe_(genshin_impact)
원신,실로넨,xilonen_(genshin_impact)
원신,아라타키 이토,arataki_itto
원신,아로이,aloy_(genshin_impact)
원신,아를레키노,arlecchino_(genshin_impact)
원신,아이테르,aether_(genshin_impact)
원신,알베도,albedo_(genshin_impact)
원신,알하이탐,alhaitham_(genshin_impact)
원신,앰버,amber_(genshin_impact)
원신,야란,yelan_(genshin_impact)
원신,야에 미코,yae_miko
원신,야오야오,yaoyao_(genshin_impact)
원신,에밀리,emilie_(genshin_impact)
원신,에스코피에,escoffier_(genshin_impact)
원신,에울라,eula_(genshin_impact)
원신,연비,yanfei_(genshin_impact)
원신,올로룬,ororon_(genshin_impact)
원신,운근,yun_jin_(genshin_impact)
원신,유메미즈키 미즈키,yumemizuki_mizuki
원신,응광,ningguang_(genshin_impact)
원신,이아샨,iansan_(genshin_impact)
원신,이파,ifa_(genshin_impact)
원신,일 도토레,il_dottore_(genshin_impact)
원신,일 카피타노,il_capitano_(genshin_impact)
원신,종려,zhongli_(genshin_impact)
원신,중운,chongyun_(genshin_impact)
원신,진,jean_(genshin_impact)
원신,치오리,chiori_(genshin_impact)
원신,치치,qiqi_(genshin_impact)
원신,카미사토 아야카,kamisato_ayaka
원신,카미사토 아야토,kamisato_ayato
원신,카베,kaveh_(genshin_impact)
원신,카에데하라 카즈하,kaedehara_kazuha
원신,카치나,kachina_(genshin_impact)
원신,칸디스,candace_(genshin_impact)
원신,케이아,kaeya_(genshin_impact)
원신,콜레이,collei_(genshin_impact)
원신,쿠죠 사라,kujou_sara
원신,쿠키 시노부,kuki_shinobu
원신,클레,klee_(genshin_impact)
원신,클로린드,clorinde_(genshin_impact)
원신,키니치,kinich_(genshin_impact)
원신,키라라,kirara_(genshin_impact)
원신,타르탈리아,tartaglia_(genshin_impact)
원신,토마,thoma_(genshin_impact)
원신,티나리,tighnari_(genshin_impact)
원신,파루잔,faruzan_(genshin_impact)
원신,페이몬,paimon_(genshin_impact)
원신,푸리나,furina_(genshin_impact)
원신,프레미네,freminet_(genshin_impact)
원신,피슬,fischl_(genshin_impact)
원신,한운,xianyun_(genshin_impact)
원신,행추,xingqiu_(genshin_impact)
원신,향릉,xiangling_(genshin_impact)
원신,호두,hu_tao_(genshin_impact)
원펀맨,괴인공주 도S,Monster_Princess_Do-S
원펀맨,드라이브 나이트,drive_knight
원펀맨,메탈 나이트,metal_knight
원펀맨,모스키토 걸,Mosquito_Girl
원펀맨,바,bang_(one_punch_man)
원펀맨,사이코스,Psykos
원펀맨,사이타마,saitama_(one_punch_man)
원펀맨,스피드 오 사운드 소닉,speed-o'-sound_sonic
원펀맨,실버판타스마,silverfang
원펀맨,아토믹 사무라이,atomic_samurai
원펀맨,어메이 컨,amai_mask
원펀맨,제노스,genos
원펀맨,캡틴 미즈키,Captain_Mizuki
원펀맨,킹,king_(one_punch_man)
원펀맨,타츠마키,Tatsumaki
원펀맨,탱크탑 마스터,tank_top_master
원펀맨,페란,puri-puri_prisoner
원펀맨,페오리,do-s_(one_punch_man)
원펀맨,플래쉬,flashy_flash
원펀맨,픽 화이트,pri-pri-prisoner
원펀맨,후부키,Fubuki
원피스,나미,Nami(One_Piece)
원피스,니코 로빈,Nico_Robin
원피스,니코 올리바,Nico_Olvia
원피스,레베카,Rebecca(One_Piece)
원피스,마가렛,Marguerite(One_Piece)
원피스,모즈와 키위,Mozu_and_Kiwi
원피스,미호크,dracule_mihawk
원피스,바이올렛,viola_(one_piece)
원피스,바카라,Baccarat
원피스,베이비,5_Baby_5
원피스,벨로 베티,Belo_Betty
원피스,벨메일,Bell-mère
원피스,보아 마리골드,boa_marigold
원피스,보아 산다소냐,boa_sandersonia
원피스,보아 행콕,Boa_hancock
원피스,블랙 마리아,Black_Maria
원피스,비올라,Viola(One_Piece)
원피스,샤카,vegapunk_shaka
원피스,샬롯 갈렛,Charlotte_Galette
원피스,샬롯 빅맘,charlotte_linlin
원피스,샬롯 셰베,charlotte_chiffon
원피스,샬롯 스무디,Charlotte_Smoothie
원피스,샬롯 카타쿠리,charlotte_katakuri
원피스,샬롯 크라카,charlotte_cracker
원피스,샬롯 페로스페로,charlotte_perospero
원피스,샬롯 푸딩,Charlotte_Pudding
원피스,샹크스,shanks
원피스,스모커,smoker_(one_piece)
원피스,아인,Ain(One_Piece)
원피스,아토라스,vegapunk_atlas
원피스,알비다,Alvida
원피스,야마토,yamato_(one_piece)
원피스,야크,vegapunk_york
원피스,오뎀,kozuki_oden
원피스,우타,Uta(One_Piece)
원피스,이도 가발리,edward_newgate
원피스,이매진,imu_(one_piece)
원피스,이조,izou_(one_piece)
원피스,쥬얼리 보니,Jewelry_Bonney
원피스,진라미,Ginrummy
원피스,카리나,Carina
원피스,카리푸,carrot_(one_piece)
원피스,칼리파,Kalifa
원피스,코비,koby_(one_piece)
원피스,코우즈키 모모노스케,kozuki_momonosuke
원피스,코우즈키 히요리,kozuki_hiyori
원피스,코즈키,히요리_Kozuki_Hiyori
원피스,코즈키 토키,Kozuki_Toki
원피스,쿠이나,Kuina
원피스,키쿠노죠,kikunojo
원피스,타시기,tashigi
원피스,토라발가,vegapunk_lilith
원피스,페로나,Perona
원피스,푸시,vegapunk_pythagoras
원피스,히나,hina_(one_piece)
유녀전기,메어리 수,Mary_Sue
유녀전기,빅토리야 이바노프나 세레브랴코프,Viktoriya_Ivanovna_Serebryakov
유녀전기,타냐 데그레챠프,Tanya_von_Degurechaff
유희왕 시리즈,린,Rin(Yu_Gi_Oh)
유희왕 시리즈,미사카 안즈,Anzu_Mazaki
유희왕 시리즈,미즈키 코토리,Zuzu_Boyle
유희왕 시리즈,세레나,Serena(Yu_Gi_Oh)
유희왕 시리즈,이자요이 아키,Akiza_Izinski
유희왕 시리즈,쿠로사키 루리,Lulu_Obsidian
유희왕 시리즈,텐죠인 아스카,Alexis_Rhodes
은혼,사루토비 아야메,Sarutobi_Ayame
은혼,야큐 큐베,Yagyuu_Kyuubei
은혼,이마이 노부메,Imai_Nobume
은혼,츠쿠요,Tsukuyo
은혼,카구라,Kagura
은혼,쿄우카,Kouka
이누야샤,린,Rin(InuYasha)
이누야샤,산고,Sango(InuYasha)
이누야샤,셋쇼마루의 어머니,Sesshomaru's_mother(InuYasha)
이누야샤,카구라,Kagura(InuYasha)
이누야샤,칸나,Kanna(InuYasha)
이누야샤,키쿄우,Kikyo(InuYasha)
인피니트 스트라토스,라우라 보데비히,Laura_Bodewig
인피니트 스트라토스,샤를로트 뒤노아,Charlotte_Dunois
인피니트 스트라토스,세실리아 올코트,Cecilia_Alcott
인피니트 스트라토스,시노노노 타바네,Tabane_Shinonono
인피니트 스트라토스,시노노노 호우키,Houki_Shinonono
인피니트 스트라토스,시라시키 칸자시,Kanzashi_Sarashiki
인피니트 스트라토스,시라시키 타네나시,Tatenashi_Sarashiki
인피니트 스트라토스,야마다 마야,Maya_Yamada
인피니트 스트라토스,오리무라 마도카,Madoka_Orimura
인피니트 스트라토스,오리무라 치후유,Chifuyu_Orimura
인피니트 스트라토스,황 링인,Lingyin_Huang
일곱 개의 대죄,다이앤,Diane
일곱 개의 대죄,멀린,Merlin
일곱 개의 대죄,엘리자베스 리오네스,Elizabeth_Liones
일상,나가노하라 미오,naganohara_mio
일상,나카무라 마코토,nakamura_makoto_(nichijou)
일상,미나카미 마이,minakami_mai
일상,사사키 히로토,sasahara_kojiro
일상,사카모토,sakamoto_(nichijou)
일상,샤크슈크,shakushaku
일상,시노노메 나노,shinonome_nano
일상,아이오이 유우코,aioi_yuuko
일상,하카세,hakase_(nichijou)
장송의 프리렌,덴켄,denken_(sousou_no_frieren)
장송의 프리렌,라비네,lawine_(sousou_no_frieren)
장송의 프리렌,라위네,laufen_(sousou_no_frieren)
장송의 프리렌,리네르네,lernen_(sousou_no_frieren)
장송의 프리렌,리니에,linie_(sousou_no_frieren)
장송의 프리렌,리히터,richter_(sousou_no_frieren)
장송의 프리렌,메토데,methode_(sousou_no_frieren)
장송의 프리렌,슈타르크,stark_(sousou_no_frieren)
장송의 프리렌,아우라,aura_(sousou_no_frieren)
장송의 프리렌,아이젠,eisen_(sousou_no_frieren)
장송의 프리렌,에델,edel_(sousou_no_frieren)
장송의 프리렌,우반,ubel_(sousou_no_frieren)
장송의 프리렌,제리에,serie_(sousou_no_frieren)
장송의 프리렌,진제,sense_(sousou_no_frieren)
장송의 프리렌,쿤,kanne_(sousou_no_frieren)
장송의 프리렌,크라프트,kraft_(sousou_no_frieren)
장송의 프리렌,페른,fern_(sousou_no_frieren)
장송의 프리렌,프리렌,frieren
장송의 프리렌,플람메,flamme_(sousou_no_frieren)
장송의 프리렌,하이터,heiter_(sousou_no_frieren)
장송의 프리렌,후간크,macht_(sousou_no_frieren)
장송의 프리렌,히멜,himmel_(sousou_no_frieren)
전생했더니 슬라임이었던 건에 대하여,루미너스 발렌타인,Luminous_Valentine
전생했더니 슬라임이었던 건에 대하여,밀림 나바,Milim_Nava
전생했더니 슬라임이었던 건에 대하여,사카구치 히나타,Hinata_Sakaguchi
전생했더니 슬라임이었던 건에 대하여,슈나,Shuna
전생했더니 슬라임이었던 건에 대하여,시온,Shion
제로의 사역마,루이즈 드 라 발리에르,Louise_de_La_Vallière
제로의 사역마,시에스타,Siesta
제로의 사역마,카린느 드 라 발리에르,"Karin, Duchesse_de_La_Vallière"
제로의 사역마,카틀레아 드 라 폰티누,Cattleya_de_La_Fontaine
제로의 사역마,퀴르케,Kirche
제로의 사역마,타바사,Tabitha
제로의 사역마,티파니아,Tiffania
제로의 사역마,헨리에타,Henrietta
젠레스 존 제로,그레이스,grace_howard
젠레스 존 제로,니코,nekomata_(zenless_zone_zero)
젠레스 존 제로,니콜,nicole_demara
젠레스 존 제로,리카온,lycaon_(zenless_zone_zero)
젠레스 존 제로,리큐,lighter_(zenless_zone_zero)
젠레스 존 제로,미야비,miyabi_hoshimi
젠레스 존 제로,벤,ben_bigger
젠레스 존 제로,벨,belle_(zenless_zone_zero)
젠레스 존 제로,부르닐드,burnice_white
젠레스 존 제로,불비,bulbie_(zenless_zone_zero)
젠레스 존 제로,비비안,vivian_banshee
젠레스 존 제로,빌리,billy_kid
젠레스 존 제로,세스,seth_lowell
젠레스 존 제로,소오카쿠,soukaku_(zenless_zone_zero)
젠레스 존 제로,아냐,anby_demara_(soldier_0)
젠레스 존 제로,아스트라,astra_yao
젠레스 존 제로,앤비,anby_demara
젠레스 존 제로,앤톤,anton_ivanov_(zenless_zone_zero)
젠레스 존 제로,야나기,yanagi_(zenless_zone_zero)
젠레스 존 제로,에비,evelyn_chevalier
젠레스 존 제로,엘렌,ellen_joe
젠레스 존 제로,와이즈,wise_(zenless_zone_zero)
젠레스 존 제로,재인,jane_doe_(zenless_zone_zero)
젠레스 존 제로,주,zhu_yuan
젠레스 존 제로,창,qingyi_(zenless_zone_zero)
젠레스 존 제로,카에데하라,caesar_king
젠레스 존 제로,코랄리온,koleda_belobog
젠레스 존 제로,코린,corin_wickes
젠레스 존 제로,트리거,trigger_(zenless_zone_zero)
젠레스 존 제로,판,pan_yinhu
젠레스 존 제로,폰,von_lycaon
젠레스 존 제로,하루마사,harumasa_(zenless_zone_zero)
젠레스 존 제로,히사기,hugo_vlad
죠죠의 기묘한 모험,나란치아,narancia_ghirga
죠죠의 기묘한 모험,디오 브란도,dio_brando
죠죠의 기묘한 모험,리사 리사,Lisa_Lisa
죠죠의 기묘한 모험,머라이어,Mariah
죠죠의 기묘한 모험,미스타,guido_mista
죠죠의 기묘한 모험,브차라티,bruno_bucciarati
죠죠의 기묘한 모험,수지,Q_Suzie_Q
죠죠의 기묘한 모험,아바키오,leone_abbacchio
죠죠의 기묘한 모험,아브돌,muhammad_avdol
죠죠의 기묘한 모험,야스호 히로세,hirose_yasuho
죠죠의 기묘한 모험,야하르호 슐트라하인,diavolo_(jojo)
죠죠의 기묘한 모험,에리나 펜들턴,Erina_Pendleton
죠죠의 기묘한 모험,죠나단 죠스타,jonathan_joestar
죠죠의 기묘한 모험,죠르노 죠바나,giorno_giovanna
죠죠의 기묘한 모험,죠셉 죠스타,joseph_joestar
죠죠의 기묘한 모험,죠스케 (8부),higashikata_josuke_(jojolion)
죠죠의 기묘한 모험,죠일더우드,weather_report
죠죠의 기묘한 모험,죠지로 죠스타,george_joestar
죠죠의 기묘한 모험,주조 칸지,iggy_(jojo)
죠죠의 기묘한 모험,카쿄인 노리아키,kakyoin_noriaki
죠죠의 기묘한 모험,쿠죠 죠린,Jolyne_Cujoh
죠죠의 기묘한 모험,쿠죠 죠타로,kuujou_joutarou
죠죠의 기묘한 모험,트리시 우나,trish_una
죠죠의 기묘한 모험,판나코타 푸고,pannacotta_fugo
죠죠의 기묘한 모험,폴나레프,jean_pierre_polnareff
죠죠의 기묘한 모험,프 푸치,enrico_pucci
죠죠의 기묘한 모험,홀리 죠스타,Holly_Joestar
죠죠의 기묘한 모험,히가시카타 죠스케,higashikata_josuke
주술회전,게토 스구루,getou_suguru
주술회전,고죠 사토루,gojo_satoru
주술회전,나나미 켄토,nanami_kento
주술회전,나오비토,zenin_naobito
주술회전,니시미야 모모,nishimiya_momo
주술회전,다곤,dagon_(jujutsu_kaisen)
주술회전,마히토,mahito_(jujutsu_kaisen)
주술회전,메카마루,mechamaru
주술회전,미와 카스미,miwa_kasumi
주술회전,스쿠나,ryomen_sukuna
주술회전,야가 마사미치,yaga_masamichi
주술회전,우라우메,uraume_(jujutsu_kaisen)
주술회전,우츠미 요시노부,utsumi_yoshinobu
주술회전,이노 타카마,ino_takuma
주술회전,이누마키 토게,inumaki_toge
주술회전,이에이리 쇼코,ieiri_shoko
주술회전,이타도리 유지,itadori_yuuji
주술회전,제닌 마이,zenin_mai
주술회전,제닌 마키,zenin_maki
주술회전,죠고,jogo_(jujutsu_kaisen)
주술회전,쥬조,choso_(jujutsu_kaisen)
주술회전,최유준,kasumi_miwa
주술회전,카미오 마사미,kamo_noritoshi
주술회전,쿠기사키 노바라,kugisaki_nobara
주술회전,쿠로이 가에이,muta_kokichi
주술회전,쿠로이 마이,yuki_tsukumo
주술회전,토도 아오이,todou_aoi
주술회전,판다,panda_(jujutsu_kaisen)
주술회전,하나미,hanami_(jujutsu_kaisen)
주술회전,후시구로 메구미,fushiguro_megumi
주술회전,후시구로 츠미키,fushiguro_tsumiki
주술회전,후시구로 토지,fushiguro_touji
진격의 거인,가비 브라운,gabi_braun
진격의 거인,리바이,levi_(shingeki_no_kyojin)
진격의 거인,미사카 알반,Mikasa_Ackermann
진격의 거인,미카사 아커만,mikasa_ackerman
진격의 거인,사샤 브라우스,Sasha_Braus
진격의 거인,아르민 알레르토,armin_arlert
진격의 거인,애니 레온한트,Annie_Leonhart
진격의 거인,에렌 예거,eren_yeager
진격의 거인,에르빈 스미스,erwin_smith
진격의 거인,유미르,Ymi
진격의 거인,이미르,ymir_(shingeki_no_kyojin)
진격의 거인,장 키르슈타인,jean_kirstein
진격의 거인,진네스 슈프링거,sasha_blouse
진격의 거인,코니 스프링거,connie_springer
진격의 거인,크리스타 렌즈,krista_lenz
진격의 거인,팔코 그라이스,falco_grice
진격의 거인,페트라 랄,petra_rall
진격의 거인,프록,floch_forster
진격의 거인,피크 핑거,Pieck_Finger
진격의 거인,한지 조에,hange_zoe
진격의 거인,히스토리아 레이스,historia_reiss
진격의 거인,히치 도리스,hitch_dreyse
천원돌파 그렌라간,니아 텟페린,Nia_Teppelin
천원돌파 그렌라간,데리 아다이,Darry_Adai
천원돌파 그렌라간,레이트 호킨,Leyte_Jokin
천원돌파 그렌라간,요코 리트나,Yoko_Littner
천원돌파 그렌라간,키논 바치카,Kinon_Bachika
천원돌파 그렌라간,키얄 바치카,Kiyal_Bachika
천원돌파 그렌라간,키요 바치카,Kiyoh_Bachika
청의 엑소시스트,모리야마 시에미,Shiemi_Moriyama
청의 엑소시스트,유리 에긴,Yuri_Egin
청의 엑소시스트,이즈모 카마키,Izumo_Kamiki
청의 엑소시스트,키리가쿠레 슈라,Shura_Kirigakure
체인소맨,기로,ghoul_(chainsaw_man)
체인소맨,나유타,nayuta_(chainsaw_man)
체인소맨,덴지,denji_(chainsaw_man)
체인소맨,레제,reze_(chainsaw_man)
체인소맨,마키마,makima_(chainsaw_man)
체인소맨,바라타,barem_bridge
체인소맨,산타클로스,santa_claus_(chainsaw_man)
체인소맨,아라이 히로후미,arai_hirofumi
체인소맨,아사 미타카,mitaka_asa
체인소맨,아키 하야카와,hayakawa_aki
체인소맨,요루,yoru_(chainsaw_man)
체인소맨,유우코,fami_(chainsaw_man)
체인소맨,코베니 히가시야마,higashiyama_kobeni
체인소맨,코스모,cosmo_(chainsaw_man)
체인소맨,쿠사노,kusano_(chainsaw_man)
체인소맨,키가와 키스기,quanxi
체인소맨,키시베,kishibe_(chainsaw_man)
체인소맨,티볼리,tolka_(chainsaw_man)
체인소맨,파워,power_(chainsaw_man)
체인소맨,포치타,pochita
체인소맨,프린시,princi_(chainsaw_man)
체인소맨,후미코 미후네,fumiko_mifune
체인소맨,히메노,himeno_(chainsaw_man)
카구야 님은 고백받고 싶어,마키 모에하,maki_moeha
카구야 님은 고백받고 싶어,시노미야 카구야,shinomiya_kaguya
카구야 님은 고백받고 싶어,시로가네 미유키,shirogane_miyuki
카구야 님은 고백받고 싶어,시로가네 오노,shirogane_kei
카구야 님은 고백받고 싶어,이시가미 유우,ishigami_yuu
카구야 님은 고백받고 싶어,이이노 미코,iino_miko
카구야 님은 고백받고 싶어,츠바사,kashiwagi_tsubasa
카구야 님은 고백받고 싶어,쿄코 오노데라,kashiwagi_nagisa
카구야 님은 고백받고 싶어,키노 카렌,kino_karen
카구야 님은 고백받고 싶어,타니구치 츠바메,koyasu_tsubame
카구야 님은 고백받고 싶어,후지와라 치카,fujiwara_chika
카구야 님은 고백받고 싶어,히이라기 슈치인,hayasaka_ai
코노스바,다크니스,darkness_(konosuba)
코노스바,메구밍,megumin
코노스바,미츠루기 쿄야,mitsurugi_kyouya
코노스바,바닐라 토스,vanir_(konosuba)
코노스바,사토 카즈마,satou_kazuma
코노스바,세시리,cecily_(konosuba)
코노스바,아이리스,iris_(konosuba)
코노스바,아쿠아,aqua_(konosuba)
코노스바,위즈,wiz_(konosuba)
코노스바,윤윤,yunyun_(konosuba)
코노스바,코메코,komekko
코노스바,크리스,chris_(konosuba)
코드 기어스,나나리 비 브리타니아,Nunnally_vi_Britannia
코드 기어스,락샤타 챠우라,Rakshata_Chawla
코드 기어스,마리안느 비 브리타니아,Marianne_vi_Britannia
코드 기어스,밀리 애쉬포드,Milly_Ashford
코드 기어스,비렛타 누,Villetta_Nu
코드 기어스,유페미아 리 브리타니아,Euphemia_li_Britannia
코드 기어스,코넬리아 리 브리타니아,Cornelia_li_Britannia
코드 기어스,코우즈키 카렌,Kallen_Kōzuki
코바야시네 메이드래곤,이루루,Ilulu
코바야시네 메이드래곤,칸나 카무이,Kanna_Kamui
코바야시네 메이드래곤,케찰코아틀,Quetzalcoatl
코바야시네 메이드래곤,코바야시,Kobayashi
코바야시네 메이드래곤,토르,Tohru
킬 라 킬,마토이 류코,Ryūko_Matoi
킬 라 킬,만칸쇼쿠 마코,Mako_Mankanshoku
킬 라 킬,자쿠즈레 노논,Nonon_Jakuzure
킬 라 킬,키류인 라교,Ragyō_Kiryūin
킬 라 킬,키류인 사츠키,Satsuki_Kiryūin
킬 라 킬,하리메 누이,Nui_Harime
토라도라!,스미레 카노,kanou_sumire
토라도라!,아이사카 야스코,aisaka_yasuko
토라도라!,아이사카 타이가,aisaka_taiga
토라도라!,카와시마 아미,kawashima_ami
토라도라!,쿠시에다 미노리,kushieda_minori
토라도라!,키타무라 유사쿠,kitamura_yuusaku
토라도라!,타카스 류지,takasu_ryuuji
토라도라!,타카스 야스코,takasu_yasuko
트리니티 세븐,리제로테 샬록,Lieselotte_Sherlock
트리니티 세븐,아나스타샤=L,Anastasia-L
트리니티 세븐,아사미 리리스,Lilith_Asami
트리니티 세븐,아스틸,Astil_Manuscript
트리니티 세븐,야마나 미라,Mira_Yamana
트리니티 세븐,카스가,히지리_Hijiri_Kasuga
트리니티 세븐,카자마 레비,Levi_Kazama
트리니티 세븐,칸나즈키 아린,Arin_Kannazuki
트리니티 세븐,쿠라타 유이,Yui_Kurata
트리니티 세븐,후도 아키오,Akio_Fudo
팬티&스타킹,니삭스 데이먼,Kneesocks_Daemon
팬티&스타킹,스캔티 데이먼,Scanty_Daemon
팬티&스타킹,야나기 스타킹,Stocking_Anarchy
팬티&스타킹,야나기 팬티,Panty_Anarchy
페르소나 시리즈,나루카미 유우,narukami_yuu
페르소나 시리즈,니지마 마코토,niijima_makoto
페르소나 시리즈,니지마 사에,niijima_sae
페르소나 시리즈,도쥬마 나나코,doujima_nanako
페르소나 시리즈,도쥬마 료타로,doujima_ryotaro
페르소나 시리즈,마리,marie_(persona_4)
페르소나 시리즈,모르가나,morgana_(persona_5)
페르소나 시리즈,사카모토 류지,sakamoto_ryuji
페르소나 시리즈,사쿠라 소지로,sakura_sojiro
페르소나 시리즈,사쿠라 후타바,sakura_futaba
페르소나 시리즈,사토나카 치에,satonaka_chie
페르소나 시리즈,산다 아키히코,sanada_akihiko
페르소나 시리즈,아라가키 신지로,aragaki_shinjirou
페르소나 시리즈,아마기 유키코,amagi_yukiko
페르소나 시리즈,아마다 켄,amada_ken
페르소나 시리즈,아마미야 렌,amamiya_ren
페르소나 시리즈,아미다 후우카,yamagishi_fuuka
페르소나 시리즈,아이기스,aigis_(persona)
페르소나 시리즈,아케치 고로,akechi_goro
페르소나 시리즈,오쿠무라 하루,okumura_haru
페르소나 시리즈,요시자와 카스미,yoshizawa_kasumi
페르소나 시리즈,유우키 마코토,yuuki_makoto_(persona_3)
페르소나 시리즈,이오리 준페이,iori_junpei
페르소나 시리즈,카와카미 사다요,kawakami_sadayo
페르소나 시리즈,코로마루,koromaru
페르소나 시리즈,쿠마,kuma_(persona_4)
페르소나 시리즈,쿠지카와 리세,kujikawa_rise
페르소나 시리즈,키리죠 미츠루,kirijo_mitsuru
페르소나 시리즈,키타가와 유스케,kitagawa_yusuke
페르소나 시리즈,타카마키 안,takamaki_anne
페르소나 시리즈,타케미 타에,takemi_tae
페르소나 시리즈,타키바 유카리,takeba_yukari
페르소나 시리즈,탓츠미 카나미,tatsumi_kanji
페르소나 시리즈,토우도우 나오토,shirogane_naoto
페르소나 시리즈,하나무라 요스케,hanamura_yousuke
페르소나 시리즈,히루타 이치코,ohya_ichiko
페어리테일,가젤 레드폭스,gajeel_redfox
페어리테일,그레이 풀버스터,gray_fullbuster
페어리테일,나츠 드래그닐,natsu_dragneel
페어리테일,디마리아 이에스타,Dimaria_C._Yesta
페어리테일,락사스,laxus_dreyar
페어리테일,레비 맥거딘,Levy_McGarden
페어리테일,루시 하트필리아,Lucy_Heartfilia
페어리테일,리사나 스트라우스,Lisanna_strauss
페어리테일,메르디,Meredy
페어리테일,미네브라 올랜드,Minerva_Orland
페어리테일,미라젠 스트라우스,Mirajane_Strauss
페어리테일,밀리아나,Millianna
페어리테일,바르고,Virgo
페어리테일,브랜디쉬 뮤,Brandish_μ
페어리테일,비스카 무란,Biska_Mulan
페어리테일,비키슬로,bickslow
페어리테일,세이라,Seilah
페어리테일,소라노 아그리아,sorano_agria
페어리테일,아리에스,Aries
페어리테일,아이린 베르세리온,Irene_Belserion
페어리테일,에버그린,Evergreen
페어리테일,엘자 스칼렛,Erza_Scarlet
페어리테일,엘프만 스트라우스,elfman_strauss
페어리테일,울티아 밀코비치,Ultear_Milkovich
페어리테일,워든디아,wendy_marvell
페어리테일,유키노 아그리아,Yukino_Agria
페어리테일,제니 레이라이트,Jenny_Realight
페어리테일,쥬비아 록서,juvia_lockser
페어리테일,카구라 미카즈치,Kagura_Mikazuchi
페어리테일,카나 알베로나,Cana_Alberona
페어리테일,쿄우카,Kyoka
페어리테일,프리드 저스틴,freed_justine
페어리테일,플레어 코로나,Flare_Corona
프로젝트 세카이,모모이 아이리,momoi_airi
프로젝트 세카이,모치즈키 호나미,mochizuki_honami
프로젝트 세카이,시노노메 아키토,shinonome_akito
프로젝트 세카이,시노노메 에나,shinonome_ena
프로젝트 세카이,시라이시 안,shiraishi_an
프로젝트 세카이,아사히나 마후유,asahina_mafuyu
프로젝트 세카이,아오야기 토우야,aoyagi_touya
프로젝트 세카이,아즈사와 코하네,azusawa_kohane
프로젝트 세카이,아키야마 미즈키,akiyama_mizuki
프로젝트 세카이,오토리 에무,ootori_emu
프로젝트 세카이,카미시로 루이,kamishiro_rui
프로젝트 세카이,쿠사나기 네네,kusanagi_nene
프로젝트 세카이,키리시아 츠가루,yoisaki_kanade
프로젝트 세카이,키리타니 하루카,kiritani_haruka
프로젝트 세카이,텐마 사키,tenma_saki
프로젝트 세카이,텐마 츠카사,tenma_tsukasa
프로젝트 세카이,호시노 이치카,hoshino_ichika
프로젝트 세카이,히노모리 시즈쿠,hinomori_shizuku
프로젝트 세카이,히노모리 시호,hinomori_shiho
프린세스 커넥트!,나나카,nanaka_(princess_connect!)
프린세스 커넥트!,나츠메,natsume_(princess_connect!)
프린세스 커넥트!,니논,ninon_(princess_connect!)
프린세스 커넥트!,란파,ranfa_(princess_connect!)
프린세스 커넥트!,리마,rima_(princess_connect!)
프린세스 커넥트!,매그너,mahiru_(princess_connect!)
프린세스 커넥트!,모니카,monika_(princess_connect!)
프린세스 커넥트!,미사키,misaki_(princess_connect!)
프린세스 커넥트!,미사토,misato_(princess_connect!)
프린세스 커넥트!,미츠키,mitsuki_(princess_connect!)
프린세스 커넥트!,스모모,sumomo_(princess_connect!)
프린세스 커넥트!,스즈나,suzuna_(princess_connect!)
프린세스 커넥트!,시오리,shiori_(princess_connect!)
프린세스 커넥트!,아오이,aoi_(princess_connect!)
프린세스 커넥트!,아키노,akino_(princess_connect!)
프린세스 커넥트!,유우키,yuuki_(princess_connect!)
프린세스 커넥트!,이리야,ilya_(princess_connect!)
프린세스 커넥트!,주코,suzume_(princess_connect!)
프린세스 커넥트!,쥰,jun_(princess_connect!)
프린세스 커넥트!,진가,jiga_(princess_connect!)
프린세스 커넥트!,카루이,karyl_(princess_connect!)
프린세스 커넥트!,카오리,kaori_(princess_connect!)
프린세스 커넥트!,코우메,kuuka_(princess_connect!)
프린세스 커넥트!,코코로,kokkoro_(princess_connect!)
프린세스 커넥트!,크리스티나,christina_(princess_connect!)
프린세스 커넥트!,키리에,miyako_(princess_connect!)
프린세스 커넥트!,키리코,rino_(princess_connect!)
프린세스 커넥트!,페코린느,pecorine_(princess_connect!)
프린세스 커넥트!,하츠네,hatsune_(princess_connect!)
프린세스 커넥트!,히노,rei_(princess_connect!)
프린세스 커넥트!,히요리,hiyori_(princess_connect!)
프린세스 커넥트!,히카리,hikari_(princess_connect!)
하이스쿨 dxd,개스퍼 블라디,Gaspar_Vladi
하이스쿨 dxd,레이벨 피닉스,Ravel_Phoenix
하이스쿨 dxd,리아스 그레모리,Rias_Gremory
하이스쿨 dxd,시도우 이리나,Irina_Shidou
하이스쿨 dxd,아시아 아르젠토,Asia_Argento
하이스쿨 dxd,오피스,Ouroboros_Dragon_Ophis
하이스쿨 dxd,제노비아 쿠아르타,Xenovia_Kwaruta
하이스쿨 dxd,쿠로카,Kuroka
하이스쿨 dxd,토죠 코네코,Koneko_Toujou
하이스쿨 오브 더 데드,마리카와 시즈카,Shizuka_Marikawa
하이스쿨 오브 더 데드,미나미 리카,Rika_Minami
하이스쿨 오브 더 데드,미야모토 레이,Rei_Miyamoto
하이스쿨 오브 더 데드,부스지마 사에코,Saeko_Busujima
하이스쿨 오브 더 데드,타카기 사야,Saya_Takagi
학전도시 아스터리스크,사사미야 사야,Sasamiya_Saya
학전도시 아스터리스크,실비아 류네하임,Sylvia_Lyyneheym
학전도시 아스터리스크,율리스 리스펠드,Julis_Riessfeld
학전도시 아스터리스크,클로디아 엔필드,Claudia_Enfield
학전도시 아스터리스크,토도 카린,Toudou_Kirin
함대 컬렉션,나가라,nagara_(kancolle)
함대 컬렉션,나가토,nagato_(kancolle)
함대 컬렉션,나치,nachi_(kancolle)
함대 컬렉션,나카,naka_(kancolle)
함대 컬렉션,류조,ryuujou_(kancolle)
함대 컬렉션,마야,maya_(kancolle)
함대 컬렉션,묘코,myoukou_(kancolle)
함대 컬렉션,무라사메,murasame_(kancolle)
함대 컬렉션,무라쿠모,murakumo_(kancolle)
함대 컬렉션,무사시,musashi_(kancolle)
함대 컬렉션,무츠,mutsu_(kancolle)
함대 컬렉션,미유키,miyuki_(kancolle)
함대 컬렉션,미쿠마,mikuma_(kancolle)
함대 컬렉션,사미다레,samidare_(kancolle)
함대 컬렉션,사사라네,harusame_(kancolle)
함대 컬렉션,센다이,sendai_(kancolle)
함대 컬렉션,소류,souryuu_(kancolle)
함대 컬렉션,쇼카쿠,shoukaku_(kancolle)
함대 컬렉션,스즈야,suzuya_(kancolle)
함대 컬렉션,스즈츠키,suzutsuki_(kancolle)
함대 컬렉션,시라유키,shirayuki_(kancolle)
함대 컬렉션,시마카제,shimakaze_(kancolle)
함대 컬렉션,시키나미,shikinami_(kancolle)
함대 컬렉션,아마기,amagi_(kancolle)
함대 컬렉션,아부쿠마,abukuma_(kancolle)
함대 컬렉션,아시가라,ashigara_(kancolle)
함대 컬렉션,아야나미,ayanami_(kancolle)
함대 컬렉션,아오바,aoba_(kancolle)
함대 컬렉션,아이오이 코하루,kashima_(kancolle)
함대 컬렉션,아카기,akagi_(kancolle)
함대 컬렉션,아카츠키,akatsuki_(kancolle)
함대 컬렉션,아키츠키,akizuki_(kancolle)
함대 컬렉션,아타고,atago_(kancolle)
함대 컬렉션,야마시로,yamashiro_(kancolle)
함대 컬렉션,야마시오,yamashio_maru_(kancolle)
함대 컬렉션,야마토,yamato_(kancolle)
함대 컬렉션,오이,ooi_(kancolle)
함대 컬렉션,운류,unryuu_(kancolle)
함대 컬렉션,유라,yura_(kancolle)
함대 컬렉션,유우다치,yuudachi_(kancolle)
함대 컬렉션,이나즈마,inazuma_(kancolle)
함대 컬렉션,이세,ise_(kancolle)
함대 컬렉션,이소나미,isonami_(kancolle)
함대 컬렉션,이스즈,isuzu_(kancolle)
함대 컬렉션,이카즈치,ikazuchi_(kancolle)
함대 컬렉션,준요,junyou_(kancolle)
함대 컬렉션,즈이카쿠,zuikaku_(kancolle)
함대 컬렉션,진츠,jintsuu_(kancolle)
함대 컬렉션,초카이,choukai_(kancolle)
함대 컬렉션,치쿠마,chikuma_(kancolle)
함대 컬렉션,카가,kaga_(kancolle)
함대 컬렉션,카츠라기,katsuragi_(kancolle)
함대 컬렉션,카코,kako_(kancolle)
함대 컬렉션,카토리,katori_(kancolle)
함대 컬렉션,코미,kongou_(kancolle)
함대 컬렉션,쿠마,kuma_(kancolle)
함대 컬렉션,쿠마노,kumano_(kancolle)
함대 컬렉션,키누,kinu_(kancolle)
함대 컬렉션,키누가사,kinugasa_(kancolle)
함대 컬렉션,키리시마,kirishima_(kancolle)
함대 컬렉션,키소,kiso_(kancolle)
함대 컬렉션,키타카미,kitakami_(kancolle)
함대 컬렉션,타마,tama_(kancolle)
함대 컬렉션,타이호,taihou_(kancolle)
함대 컬렉션,타츠타,tatsuta_(kancolle)
함대 컬렉션,타카오,takao_(kancolle)
함대 컬렉션,테루즈키,teruzuki_(kancolle)
함대 컬렉션,텐류,tenryuu_(kancolle)
함대 컬렉션,토네,tone_(kancolle)
함대 컬렉션,하구로,haguro_(kancolle)
함대 컬렉션,하루나,haruna_(kancolle)
함대 컬렉션,하츠유키,hatsuyuki_(kancolle)
함대 컬렉션,하츠즈키,hatsuzuki_(kancolle)
함대 컬렉션,호쇼,houshou_(kancolle)
함대 컬렉션,후루타카,furutaka_(kancolle)
함대 컬렉션,후부키,fubuki_(kancolle)
함대 컬렉션,후소,fusou_(kancolle)
함대 컬렉션,휴가,hyuuga_(kancolle)
함대 컬렉션,히류,hiryuu_(kancolle)
함대 컬렉션,히부키,hibiki_(kancolle)
함대 컬렉션,히에이,hiei_(kancolle)
함대 컬렉션,히요,hiyou_(kancolle)
헌터x헌터,네페르피트,Neferpitou
헌터x헌터,마치 코마치네,Machi_Komacine
헌터x헌터,비스켓 크루거,Biscuit_Krueger
헌터x헌터,시즈크 무라사키,Shizuku_Murasaki
헌터x헌터,파크노다,Pakunoda
헬싱,립 반 윙클,Rip_Van_Winkle
헬싱,세라스 빅토리아,Seras_Victoria
헬싱,잉테그라 헬싱,Wingates_Hellsing
헬싱,타카기 유미에,Yumie_Takagi
호로라이브,가우르 구라,gawr_gura
호로라이브,나나시 무메이,nanashi_mumei
호로라이브,나츠이로 마츠리,natsuiro_matsuri
호로라이브,나키리 아얌메,nakiri_ayame
호로라이브,네코마타 오카유,nekomata_okayu
호로라이브,니노마에 이나니스,ninomae_ina'nis
호로라이브,라플라스 다크니스,laplus_darknesss
호로라이브,로보코 산,roboco_san
호로라이브,리사 마리나,risu_(hololive)
호로라이브,모나 모에나,moona_hoshinova
호로라이브,모리 칼리오페,mori_calliope
호로라이브,모모스즈 네네,momosuzu_nene
호로라이브,모코코,mococo_abyssgard
호로라이브,바엘즈,tsukumo_sana
호로라이브,사카마타 클로에,sakamata_chloe
호로라이브,사쿠라 미코,sakura_miko
호로라이브,세레스 파우나,ceres_fauna
호로라이브,시라누이 플레어,shiranui_flare
호로라이브,시라카미 후부키,shirakami_fubuki
호로라이브,시로가네 노엘,shirogane_noel
호로라이브,시시로 보탄,shishiro_botan
호로라이브,아마네 카나타,amane_kanata
호로라이브,아멜리아 왓슨,watson_amelia
호로라이브,아유나다,ayunda_risu
호로라이브,아유노라이아 멜피사,anya_melfissa
호로라이브,아이라니 이오피프틴,airani_iofifteen
호로라이브,아자키 아이리,azki_(hololive)
호로라이브,아카이 하아토,akai_haato
호로라이브,아쿠아 마린,minato_aqua
호로라이브,오마루 폴카,omaru_polka
호로라이브,오오조라 스바루,oozora_subaru
호로라이브,우루하 루시아,uruha_rushia
호로라이브,우사다 페코라,usada_pekora
호로라이브,유키하나 라미,yukihana_lamy
호로라이브,이누가미 코로네,inugami_korone
호로라이브,이로후스 모나,iofi_(hololive)
호로라이브,이로후이 마노,iofi
호로라이브,츠노마키 와타메,tsunomaki_watame
호로라이브,카자마 이로하,kazama_iroha
호로라이브,코마치 시오,murasaki_shion
호로라이브,쿠레이지 올리,kureiji_ollie
호로라이브,쿠로카미 후미오,kuroakami_fubuki
호로라이브,크로니,ouro_kronii
호로라이브,타카나시 키아라,takanashi_kiara
호로라이브,타카네 루이,takane_lui
호로라이브,토코야미 토와,tokoyami_towa
호로라이브,토키노 소라,tokino_sora
호로라이브,파블린 무흐친키,pavolia_reine
호로라이브,하쿠이 코요리,hakui_koyori
호로라이브,호로,fuwawa_abyssgard
호로라이브,호쇼 마린,houshou_marine
호로라이브,히메모리 루나,himemori_luna
